국적(지역) 및 체류자격별 장단기체류외국인(2021. 4. 30.현재),,,,,,,,,,,,,,,,,,,,,,,,,,,,,,,,,,,,,,,,,,,,,
,,,,단 기 체 류 자 격,,,,,  장 기 체 류 자 격,,,,,,,,,,,,,,,,,,,,,,,,,,,,,,,,,,,,
대륙,국적,성별,총합계,B1(사증면제),B2(관광통과),C1(일시취재),C3(단기방문),C4(단기취업),D1(문화예술),D2(유학),D3(기술연수),D4(일반연수),D5(취재),D6(종교),D7(주재),D8(기업투자),D9(무역경영),D10(구직),E1(교수),E2(회화),E3(연구),E4(기술지도),E5(전문직업),E6(예술흥행),E7(특정활동),E8(계절근로),E9(비전문취업),E10(선원취업),F1(방문동거),F2(거주),F3(동반),F4(재외동포),F5(영주),F6(결혼이민),G1(기타),H1(관광취업),H2(방문취업),T1(관광상륙),T2(조건부입국허가),기타,,,,,
총합계,총계,총계,"1,990,228","173,214","48,202",20,"106,998","2,950",37,"110,159","1,695","48,871",115,"1,277","1,098","5,677","2,098","8,843","2,182","12,700","3,285",206,313,"3,084","20,017",63,"222,492","17,403","99,955","43,331","20,098","470,449","163,384","134,194","31,902",614,"142,011",254,2,"91,035",,,,,
아시아주,총계,총계,"1,709,987","159,935","25,329",17,"103,657","1,968",23,"101,421","1,693","46,083",76,819,709,"4,210","1,028","7,923",916,439,"2,796",43,74,"2,175","16,286",63,"222,382","17,403","92,522","40,724","14,450","376,680","158,997","122,201","22,302",271,"140,820",234,1,"23,317",,,,,
아시아주,한국계중국인,총계,"622,843",,36,1,"4,291",,2,904,223,57,1,1,8,46,1,11,2,,4,,,1,12,,584,1,"18,023","11,567",43,"353,155","97,424","17,235",244,,"114,885",,,"4,081",,,,,
아시아주,한국계중국인,남성,"326,180",,19,,"2,558",,,376,137,29,1,1,7,28,,3,1,,2,,,1,9,,332,1,"8,136","5,575",14,"177,409","52,373","6,967",174,,"69,307",,,"2,720",,,,,
아시아주,한국계중국인,여성,"296,663",,17,1,"1,733",,2,528,86,28,,,1,18,1,8,1,,2,,,,3,,252,,"9,887","5,992",29,"175,746","45,051","10,268",70,,"45,578",,,"1,361",,,,,
아시아주,중국,총계,"242,244",,"18,356",,"40,563",571,8,"43,679",545,"5,223",26,34,265,969,165,"2,359",185,267,289,,,93,"7,965",,"1,730","2,171","29,143","16,580","1,196",,"34,652","23,946","3,447",,"5,627",203,,"1,987",,,,,
아시아주,중국,남성,"113,023",,"11,999",,"27,546",546,4,"16,897",376,"2,589",12,10,203,762,142,948,83,24,203,,,45,"5,372",,"1,522","2,171","11,652","6,253",362,,"11,861","4,531","2,264",,"3,587",118,,941,,,,,
아시아주,중국,여성,"129,221",,"6,357",,"13,017",25,4,"26,782",169,"2,634",14,24,62,207,23,"1,411",102,243,86,,,48,"2,593",,208,,"17,491","10,327",834,,"22,791","19,415","1,183",,"2,040",85,,"1,046",,,,,
아시아주,베트남,총계,"209,772",77,880,1,"24,740",136,,"27,990",166,"32,151",1,164,7,45,13,"2,175",57,7,337,1,,12,"2,804",,"29,086","8,431","26,142","3,189","1,557",,"2,065","41,312",928,,,1,,"5,297",,,,,
아시아주,베트남,남성,"106,536",52,610,1,"17,296",105,,"12,395",78,"18,721",1,40,7,33,9,922,40,,222,1,,10,"2,523",,"26,481","8,430","9,387","1,255",457,,448,"3,280",661,,,1,,"3,070",,,,,
아시아주,베트남,여성,"103,236",25,270,,"7,444",31,,"15,595",88,"13,430",,124,,12,4,"1,253",17,7,115,,,2,281,,"2,605",1,"16,755","1,934","1,100",,"1,617","38,032",267,,,,,"2,227",,,,,
아시아주,타이,총계,"176,467","144,949",89,,872,45,,380,24,245,,13,6,107,20,56,9,1,13,1,2,21,412,,"21,272",,385,163,162,7,638,"5,463",636,,,1,,475,,,,,
아시아주,타이,남성,"85,352","65,705",41,,54,43,,92,15,46,,12,5,64,13,9,5,,6,1,2,7,308,,"18,264",,94,55,44,2,14,107,110,,,,,234,,,,,
아시아주,타이,여성,"91,115","79,244",48,,818,2,,288,9,199,,1,1,43,7,47,4,1,7,,,14,104,,"3,008",,291,108,118,5,624,"5,356",526,,,1,,241,,,,,
아시아주,우즈베키스탄,총계,"64,556",3,198,,"2,581",3,1,"7,617",78,"2,041",,1,4,49,38,485,12,,15,,,21,315,63,"9,989",,"6,838",803,633,"14,594","1,501","1,825",642,,"13,346",,,860,,,,,
아시아주,우즈베키스탄,남성,"42,646",2,185,,"2,289",2,,"6,611",76,"1,921",,1,4,44,30,399,10,,14,,,17,299,63,"9,838",,"3,328",459,259,"7,389",424,151,592,,"7,597",,,642,,,,,
아시아주,우즈베키스탄,여성,"21,910",1,13,,292,1,1,"1,006",2,120,,,,5,8,86,2,,1,,,4,16,,151,,"3,510",344,374,"7,205","1,077","1,674",50,,"5,749",,,218,,,,,
아시아주,필리핀,총계,"48,469",4,853,,"6,453",112,1,373,193,128,,173,22,21,42,78,64,,45,1,7,"1,624",412,,"20,219",15,"2,563",585,404,13,698,"11,217",565,,,2,1,"1,581",,,,,
아시아주,필리핀,남성,"25,507",3,632,,"3,449",103,,180,126,58,,81,21,16,38,16,24,,19,1,7,143,301,,"18,148",14,428,210,113,6,56,471,284,,,1,1,557,,,,,
아시아주,필리핀,여성,"22,962",1,221,,"3,004",9,1,193,67,70,,92,1,5,4,62,40,,26,,,"1,481",111,,"2,071",1,"2,135",375,291,7,642,"10,746",281,,,1,,"1,024",,,,,
아시아주,몽골,총계,"40,925",274,585,8,"15,054",15,,"6,029",26,"2,182",,24,15,67,120,"1,366",9,,33,,,103,194,,"4,735",,"1,123",929,"3,208",,698,"1,861",821,,,,,"1,446",,,,,
아시아주,몽골,남성,"19,669",158,292,5,"7,220",11,,"2,017",22,997,,20,7,37,28,399,6,,11,,,76,110,,"4,086",,423,359,"1,908",,92,173,414,,,,,798,,,,,
아시아주,몽골,여성,"21,256",116,293,3,"7,834",4,,"4,012",4,"1,185",,4,8,30,92,967,3,,22,,,27,84,,649,,700,570,"1,300",,606,"1,688",407,,,,,648,,,,,
아시아주,캄보디아,총계,"40,634",55,70,,202,20,,318,1,108,,4,,11,2,17,2,,10,,,,111,,"32,594",,"1,766",222,26,6,95,"4,452",71,,,,,471,,,,,
아시아주,캄보디아,남성,"27,397",40,55,,101,7,,177,1,63,,4,,9,2,9,2,,9,,,,95,,"25,244",,625,65,6,5,14,493,33,,,,,338,,,,,
아시아주,캄보디아,여성,"13,237",15,15,,101,13,,141,,45,,,,2,,8,,,1,,,,16,,"7,350",,"1,141",157,20,1,81,"3,959",38,,,,,133,,,,,
아시아주,네팔,총계,"37,367",,298,,724,33,,"2,540",19,225,,77,,59,29,141,18,,96,,,,793,,"28,917",,245,323,463,,137,706,490,,,,,"1,034",,,,,
아시아주,네팔,남성,"32,809",,284,,589,27,,"1,680",17,137,,60,,54,25,93,16,,84,,,,785,,"27,155",,75,173,125,,77,149,365,,,,,839,,,,,
아시아주,네팔,여성,"4,558",,14,,135,6,,860,2,88,,17,,5,4,48,2,,12,,,,8,,"1,762",,170,150,338,,60,557,125,,,,,195,,,,,
아시아주,인도네시아,총계,"35,360",,366,,"2,143",3,1,"1,401",80,245,,60,12,15,13,126,21,3,47,2,6,31,217,,"22,373","5,953",109,153,376,209,194,849,98,,,14,,240,,,,,
아시아주,인도네시아,남성,"31,194",,309,,"1,506",3,1,584,58,78,,15,9,9,12,37,15,,31,2,6,3,139,,"21,712","5,952",29,63,117,173,24,99,74,,,5,,129,,,,,
아시아주,인도네시아,여성,"4,166",,57,,637,,,817,22,167,,45,3,6,1,89,6,3,16,,,28,78,,661,1,80,90,259,36,170,750,24,,,9,,111,,,,,
아시아주,카자흐스탄,총계,"30,033","8,425",3,,207,,,651,6,113,1,,,9,4,68,4,1,6,,,5,50,,38,,"3,952",97,62,"6,285",145,365,"3,482",,"5,787",,,267,,,,,
아시아주,카자흐스탄,남성,"17,188","5,671",2,,120,,,204,6,37,1,,,7,4,20,,,4,,,2,26,,34,,"1,813",32,23,"3,327",40,24,"2,209",,"3,423",,,159,,,,,
아시아주,카자흐스탄,여성,"12,845","2,754",1,,87,,,447,,76,,,,2,,48,4,1,2,,,3,24,,4,,"2,139",65,39,"2,958",105,341,"1,273",,"2,364",,,108,,,,,
아시아주,일본,총계,"27,280",25,"1,843",,164,725,3,"1,474",,"1,412",41,44,181,"1,699",129,90,80,142,206,10,10,172,351,,,,289,502,"1,103",706,"7,498","7,605",8,136,,1,,631,,,,,
아시아주,일본,남성,"7,231",16,850,,122,710,2,252,,177,39,24,164,"1,656",122,15,49,27,196,10,10,69,199,,,,107,152,294,173,689,802,4,12,,,,289,,,,,
아시아주,일본,여성,"20,049",9,993,,42,15,1,"1,222",,"1,235",2,20,17,43,7,75,31,115,10,,,103,152,,,,182,350,809,533,"6,809","6,803",4,124,,1,,342,,,,,
아시아주,미얀마,총계,"25,154",,160,,687,1,,734,33,341,,73,,4,1,137,3,1,15,,,1,46,,"20,844",810,38,345,39,,25,236,424,,,,,156,,,,,
아시아주,미얀마,남성,"23,712",,159,,616,1,,237,33,138,,24,,4,1,59,2,,5,,,1,28,,"20,842",810,12,179,14,,8,50,378,,,,,111,,,,,
아시아주,미얀마,여성,"1,442",,1,,71,,,497,,203,,49,,,,78,1,1,10,,,,18,,2,,26,166,25,,17,186,46,,,,,45,,,,,
아시아주,스리랑카,총계,"20,613",,213,,589,12,,242,30,128,,35,,15,3,33,1,,15,1,,,297,,"16,908",21,66,83,162,,44,326,446,,,,,943,,,,,
아시아주,스리랑카,남성,"19,820",,211,,513,12,,128,23,69,,34,,13,3,17,1,,14,1,,,288,,"16,753",21,27,62,61,,30,268,378,,,,,893,,,,,
아시아주,스리랑카,여성,793,,2,,76,,,114,7,59,,1,,2,,16,,,1,,,,9,,155,,39,21,101,,14,58,68,,,,,50,,,,,
아시아주,타이완,총계,"19,111",5,637,1,80,61,2,568,,296,3,13,11,62,18,83,12,5,14,4,30,19,177,,,,288,"3,118",94,73,"11,987","1,239",,115,,2,,94,,,,,
아시아주,타이완,남성,"9,314",2,311,,49,56,1,73,,30,2,1,5,37,18,10,6,,12,3,30,6,40,,,,147,"1,725",18,22,"6,551",110,,7,,2,,40,,,,,
아시아주,타이완,여성,"9,797",3,326,1,31,5,1,495,,266,1,12,6,25,,73,6,5,2,1,,13,137,,,,141,"1,393",76,51,"5,436","1,129",,108,,,,54,,,,,
아시아주,방글라데시,총계,"16,501","2,501",35,,295,2,,"1,261",158,53,,13,6,38,15,113,15,,112,,1,1,446,,"7,587",,216,616,556,,130,306,768,,,,,"1,257",,,,,
아시아주,방글라데시,남성,"15,205","2,474",34,,253,2,,"1,075",157,47,,12,6,36,15,96,14,,97,,1,1,442,,"7,553",,68,436,143,,108,215,727,,,,,"1,193",,,,,
아시아주,방글라데시,여성,"1,296",27,1,,42,,,186,1,6,,1,,2,,17,1,,15,,,,4,,34,,148,180,413,,22,91,41,,,,,64,,,,,
아시아주,파키스탄,총계,"12,903","1,464",14,4,508,33,,"1,502",59,52,1,14,4,319,95,212,53,1,188,,,,252,,"2,408",,120,328,"1,091",,252,839,"2,200",,,,,890,,,,,
아시아주,파키스탄,남성,"11,236","1,438",14,4,464,33,,"1,278",59,37,1,10,4,315,95,189,48,1,167,,,,239,,"2,408",,65,210,358,,213,688,"2,105",,,,,793,,,,,
아시아주,파키스탄,여성,"1,667",26,,,44,,,224,,15,,4,,4,,23,5,,21,,,,13,,,,55,118,733,,39,151,95,,,,,97,,,,,
아시아주,인도,총계,"11,100",1,70,2,"1,123",63,2,"1,272",5,155,,54,122,187,111,100,301,,"1,186",12,3,9,891,,13,,67,376,"1,775",2,289,193,"2,391",,,,,325,,,,,
아시아주,인도,남성,"8,288",1,54,2,"1,058",63,2,848,5,96,,40,115,176,110,65,268,,"1,018",12,3,7,834,,13,,27,172,462,2,227,144,"2,226",,,,,238,,,,,
아시아주,인도,여성,"2,812",,16,,65,,,424,,59,,14,7,11,1,35,33,,168,,,2,57,,,,40,204,"1,313",,62,49,165,,,,,87,,,,,
아시아주,키르기즈,총계,"5,617",,4,,379,2,,245,,93,,,,37,13,37,,,,,,16,43,,769,1,781,90,137,"1,161",133,369,201,,982,,,124,,,,,
아시아주,키르기즈,남성,"3,210",,4,,296,,,99,,48,,,,37,12,11,,,,,,5,27,,735,1,362,35,55,608,18,28,164,,598,,,67,,,,,
아시아주,키르기즈,여성,"2,407",,,,83,2,,146,,45,,,,,1,26,,,,,,11,16,,34,,419,55,82,553,115,341,37,,384,,,57,,,,,
아시아주,말레이시아,총계,"5,143","1,640",2,,16,39,3,619,,132,,4,8,31,56,57,7,,22,8,10,3,138,,,,20,84,103,3,101,202,"1,725",,,,,110,,,,,
아시아주,말레이시아,남성,"3,193","1,244",2,,11,34,,202,,42,,2,7,23,52,9,3,,14,8,10,2,75,,,,6,31,34,,15,43,"1,267",,,,,57,,,,,
아시아주,말레이시아,여성,"1,950",396,,,5,5,3,417,,90,,2,1,8,4,48,4,,8,,,1,63,,,,14,53,69,3,86,159,458,,,,,53,,,,,
아시아주,홍콩,총계,"2,296",8,381,,36,1,,385,,226,,9,8,41,5,79,12,,2,,,8,107,,,,33,180,66,18,126,523,,19,,8,,15,,,,,
아시아주,홍콩,남성,665,3,215,,24,1,,61,,34,,4,3,22,4,11,11,,2,,,5,36,,,,7,61,35,9,38,65,,2,,8,,4,,,,,
아시아주,홍콩,여성,"1,631",5,166,,12,,,324,,192,,5,5,19,1,68,1,,,,,3,71,,,,26,119,31,9,88,458,,17,,,,11,,,,,
아시아주,티모르민주공화국,총계,"2,132",,,,,,,18,,3,,2,,,,2,,,1,,,,2,,"2,026",,1,,,,,,,,,,,77,,,,,
아시아주,티모르민주공화국,남성,"2,072",,,,,,,8,,2,,1,,,,,,,1,,,,1,,"1,992",,,,,,,,,,,,,67,,,,,
아시아주,티모르민주공화국,여성,60,,,,,,,10,,1,,1,,,,2,,,,,,,1,,34,,1,,,,,,,,,,,10,,,,,
아시아주,터키,총계,"1,958",419,3,,39,12,,275,,74,,2,8,17,17,24,12,7,16,,,5,67,,,,24,78,80,1,14,257,414,,,,,93,,,,,
아시아주,터키,남성,"1,290",381,2,,37,11,,78,,13,,2,6,17,15,13,10,5,10,,,,47,,,,12,35,22,,13,109,391,,,,,61,,,,,
아시아주,터키,여성,668,38,1,,2,1,,197,,61,,,2,,2,11,2,2,6,,,5,20,,,,12,43,58,1,1,148,23,,,,,32,,,,,
아시아주,이란,총계,"1,841",4,103,,586,,,288,,55,,,1,4,7,14,19,1,96,,,3,41,,28,,23,109,145,6,43,115,72,,,,,78,,,,,
아시아주,이란,남성,"1,297",3,101,,569,,,115,,13,,,1,4,7,5,12,1,70,,,1,32,,28,,12,64,38,1,36,80,57,,,,,47,,,,,
아시아주,이란,여성,544,1,2,,17,,,173,,42,,,,,,9,7,,26,,,2,9,,,,11,45,107,5,7,35,15,,,,,31,,,,,
아시아주,시리아,총계,"1,552",,10,,6,1,,9,,1,,,,52,7,1,2,,4,,,,,,,,6,24,173,,8,16,"1,215",,,,,17,,,,,
아시아주,시리아,남성,"1,080",,10,,5,1,,5,,1,,,,52,7,1,2,,3,,,,,,,,3,16,75,,5,13,872,,,,,9,,,,,
아시아주,시리아,여성,472,,,,1,,,4,,,,,,,,,,,1,,,,,,,,3,8,98,,3,3,343,,,,,8,,,,,
아시아주,라오스,총계,"1,528",,18,,451,6,,95,,24,,3,,,,5,,,2,,,15,4,,261,,62,8,8,1,36,492,4,,,,,33,,,,,
아시아주,라오스,남성,564,,8,,200,6,,43,,11,,1,,,,1,,,2,,,14,2,,242,,12,1,3,1,,1,,,,,,16,,,,,
아시아주,라오스,여성,964,,10,,251,,,52,,13,,2,,,,4,,,,,,1,2,,19,,50,7,5,,36,491,4,,,,,17,,,,,
아시아주,타지키스탄,총계,"1,131",,5,,459,,,90,,50,,,,12,10,18,,,1,,,,12,,,,95,22,52,162,2,8,20,,87,,,26,,,,,
아시아주,타지키스탄,남성,860,,5,,447,,,69,,36,,,,11,10,16,,,1,,,,12,,,,45,13,21,80,2,2,19,,57,,,14,,,,,
아시아주,타지키스탄,여성,271,,,,12,,,21,,14,,,,1,,2,,,,,,,,,,,50,9,31,82,,6,1,,30,,,12,,,,,
아시아주,예멘공화국,총계,"1,061",,7,,6,,,22,,8,,,,24,13,5,2,,3,,,,4,,,,8,51,116,,2,14,763,,,,,13,,,,,
아시아주,예멘공화국,남성,862,,6,,4,,,18,,5,,,,24,13,2,2,,3,,,,1,,,,2,38,47,,2,11,672,,,,,12,,,,,
아시아주,예멘공화국,여성,199,,1,,2,,,4,,3,,,,,,3,,,,,,,3,,,,6,13,69,,,3,91,,,,,1,,,,,
아시아주,싱가포르,총계,831,67,,,29,17,,66,,53,2,1,11,48,15,4,6,,5,1,,3,73,,,,7,36,59,111,31,137,,,,1,,48,,,,,
아시아주,싱가포르,남성,372,37,,,16,17,,18,,13,,,8,34,13,1,6,,3,1,,2,38,,,,2,12,17,54,7,51,,,,,,22,,,,,
아시아주,싱가포르,여성,459,30,,,13,,,48,,40,2,1,3,14,2,3,,,2,,,1,35,,,,5,24,42,57,24,86,,,,1,,26,,,,,
아시아주,사우디아라비아,총계,817,,16,,6,,,76,47,114,,,,51,1,4,,,1,,1,,12,,,,5,1,237,6,,4,7,,,,,228,,,,,
아시아주,사우디아라비아,남성,525,,10,,6,,,51,47,98,,,,51,1,3,,,1,,1,,9,,,,4,1,98,1,,3,3,,,,,137,,,,,
아시아주,사우디아라비아,여성,292,,6,,,,,25,,16,,,,,,1,,,,,,,3,,,,1,,139,5,,1,4,,,,,91,,,,,
아시아주,요르단,총계,464,,1,,81,1,,40,,6,,,,74,34,3,2,2,9,,,,3,,,,,13,128,,5,11,24,,,,,27,,,,,
아시아주,요르단,남성,324,,1,,74,1,,23,,2,,,,74,34,2,1,1,8,,,,2,,,,,7,38,,4,9,23,,,,,20,,,,,
아시아주,요르단,여성,140,,,,7,,,17,,4,,,,,,1,1,1,1,,,,1,,,,,6,90,,1,2,1,,,,,7,,,,,
아시아주,이라크,총계,463,,3,,122,,,33,,11,,,,29,15,,,1,1,,,1,4,,1,,5,17,74,,1,9,71,,,,,65,,,,,
아시아주,이라크,남성,320,,3,,113,,,18,,8,,,,28,15,,,,1,,,1,2,,1,,2,10,24,,1,4,56,,,,,33,,,,,
아시아주,이라크,여성,143,,,,9,,,15,,3,,,,1,,,,1,,,,,2,,,,3,7,50,,,5,15,,,,,32,,,,,
아시아주,투르크메니스탄,총계,439,,,,19,,,36,,9,,,,,,7,,,,,,,3,,,,68,4,4,150,1,7,,,106,,,25,,,,,
아시아주,투르크메니스탄,남성,237,,,,16,,,24,,3,,,,,,2,,,,,,,2,,,,34,2,2,76,1,1,,,64,,,10,,,,,
아시아주,투르크메니스탄,여성,202,,,,3,,,12,,6,,,,,,5,,,,,,,1,,,,34,2,2,74,,6,,,42,,,15,,,,,
아시아주,아프가니스탄,총계,402,,8,,61,,,50,,12,,,,43,4,3,,,,,,1,4,,,,3,15,64,,3,7,68,,,,,56,,,,,
아시아주,아프가니스탄,남성,316,,7,,60,,,45,,6,,,,43,4,3,,,,,,1,4,,,,2,8,27,,3,7,63,,,,,33,,,,,
아시아주,아프가니스탄,여성,86,,1,,1,,,5,,6,,,,,,,,,,,,,,,,,1,7,37,,,,5,,,,,23,,,,,
아시아주,아랍에미리트연합,총계,261,3,6,,52,,,47,,6,,,1,,4,1,,,,,,,,,,,,,8,,,,40,,,,,93,,,,,
아시아주,아랍에미리트연합,남성,153,3,4,,29,,,27,,6,,,1,,3,,,,,,,,,,,,,,3,,,,22,,,,,55,,,,,
아시아주,아랍에미리트연합,여성,108,,2,,23,,,20,,,,,,,1,1,,,,,,,,,,,,,5,,,,18,,,,,38,,,,,
아시아주,이스라엘,총계,237,10,,,8,52,,13,,17,,1,4,10,5,1,4,,,,,4,3,,,,2,3,29,3,4,21,2,1,,,,40,,,,,
아시아주,이스라엘,남성,136,6,,,7,47,,4,,2,,1,4,9,5,1,4,,,,,,2,,,,,2,6,1,3,11,,,,,,21,,,,,
아시아주,이스라엘,여성,101,4,,,1,5,,9,,15,,,,1,,,,,,,,4,1,,,,2,1,23,2,1,10,2,1,,,,19,,,,,
아시아주,마카오,총계,109,1,25,,,,,28,,10,,,,3,,4,,,,,,1,14,,,,3,1,,,5,13,1,,,,,,,,,,
아시아주,마카오,남성,36,1,16,,,,,3,,,,,,2,,,,,,,,1,10,,,,1,,,,1,1,,,,,,,,,,,
아시아주,마카오,여성,73,,9,,,,,25,,10,,,,1,,4,,,,,,,4,,,,2,1,,,4,12,1,,,,,,,,,,
아시아주,팔레스타인,총계,59,,,,4,1,,9,,2,,,,10,2,1,1,,1,,,,,,,,,4,6,,6,2,9,,,,,1,,,,,
아시아주,팔레스타인,남성,49,,,,3,1,,7,,1,,,,10,2,1,1,,1,,,,,,,,,2,5,,5,2,7,,,,,1,,,,,
아시아주,팔레스타인,여성,10,,,,1,,,2,,1,,,,,,,,,,,,,,,,,,2,1,,1,,2,,,,,,,,,,
아시아주,브루나이,총계,59,,1,,2,,,10,,3,,,1,,,1,,,,,3,,1,,,,2,,,2,,1,,,,,,32,,,,,
아시아주,브루나이,남성,24,,1,,1,,,,,1,,,,,,,,,,,3,,,,,,2,,,,,,,,,,,16,,,,,
아시아주,브루나이,여성,35,,,,1,,,10,,2,,,1,,,1,,,,,,,1,,,,,,,2,,1,,,,,,16,,,,,
아시아주,쿠웨이트,총계,51,,5,,5,,,2,,2,,,2,,,,,,,,,,,,,,,1,3,1,,2,2,,,,,26,,,,,
아시아주,쿠웨이트,남성,26,,2,,2,,,1,,,,,2,,,,,,,,,,,,,,,,1,,,1,1,,,,,16,,,,,
아시아주,쿠웨이트,여성,25,,3,,3,,,1,,2,,,,,,,,,,,,,,,,,,1,2,1,,1,1,,,,,10,,,,,
아시아주,레바논,총계,43,,,,4,1,,4,,2,,,,1,,1,,,1,1,,,4,,,,1,,2,,1,6,1,,,,,13,,,,,
아시아주,레바논,남성,29,,,,3,1,,3,,1,,,,1,,1,,,,1,,,3,,,,1,,1,,,4,1,,,,,8,,,,,
아시아주,레바논,여성,14,,,,1,,,1,,1,,,,,,,,,1,,,,1,,,,,,1,,1,2,,,,,,5,,,,,
아시아주,오만,총계,41,,2,,6,,,6,,6,,,,,,,,,,,,,,,,,,,2,,,,,,,,,19,,,,,
아시아주,오만,남성,17,,1,,1,,,2,,1,,,,,,,,,,,,,,,,,,,,,,,,,,,,12,,,,,
아시아주,오만,여성,24,,1,,5,,,4,,5,,,,,,,,,,,,,,,,,,,2,,,,,,,,,7,,,,,
아시아주,키프로스,총계,31,,10,,,,,2,,,,,1,,1,,,,,1,1,2,1,,,,,4,2,1,3,1,,,,,,1,,,,,
아시아주,키프로스,남성,21,,10,,,,,,,,,,1,,1,,,,,1,1,2,1,,,,,2,1,,1,,,,,,,,,,,,
아시아주,키프로스,여성,10,,,,,,,2,,,,,,,,,,,,,,,,,,,,2,1,1,2,1,,,,,,1,,,,,
아시아주,카타르,총계,29,,3,,,,,4,,1,,,1,,,,,,,,,,,,,,,,1,,,,2,,,,,17,,,,,
아시아주,카타르,남성,20,,2,,,,,2,,,,,1,,,,,,,,,,,,,,,,1,,,,2,,,,,12,,,,,
아시아주,카타르,여성,9,,1,,,,,2,,1,,,,,,,,,,,,,,,,,,,,,,,,,,,,5,,,,,
아시아주,부탄,총계,28,,,,1,,,8,,5,,,,1,,,1,,,,,,1,,,,,,1,,,6,,,,,,4,,,,,
아시아주,부탄,남성,11,,,,1,,,4,,,,,,1,,,1,,,,,,1,,,,,,,,,1,,,,,,2,,,,,
아시아주,부탄,여성,17,,,,,,,4,,5,,,,,,,,,,,,,,,,,,,1,,,5,,,,,,2,,,,,
아시아주,홍콩거주난민,총계,15,,10,,3,,,,,,,,,,,,,,,,,,,,,,,,,1,,1,,,,,,,,,,,
아시아주,홍콩거주난민,남성,7,,5,,2,,,,,,,,,,,,,,,,,,,,,,,,,,,,,,,,,,,,,,
아시아주,홍콩거주난민,여성,8,,5,,1,,,,,,,,,,,,,,,,,,,,,,,,,1,,1,,,,,,,,,,,
아시아주,바레인,총계,14,,,,,,,5,,3,,,,,,,,,,,,,,,,,,,,3,,1,,,,1,,1,,,,,
아시아주,바레인,남성,5,,,,,,,,,2,,,,,,,,,,,,,,,,,,,,1,,,,,,1,,1,,,,,
아시아주,바레인,여성,9,,,,,,,5,,1,,,,,,,,,,,,,,,,,,,,2,,1,,,,,,,,,,,
아시아주,몰디브,총계,3,,,,,,,1,,,,,,,,1,,,,,,,,,,,,,,,,1,,,,,,,,,,,
아시아주,몰디브,남성,3,,,,,,,1,,,,,,,,1,,,,,,,,,,,,,,,,1,,,,,,,,,,,
북아메리카주,총계,총계,"167,232",463,"20,496",1,320,125,7,921,,430,17,240,207,351,93,207,700,"8,403",70,90,53,151,"1,766",,,,"1,245",880,"1,884","58,949","1,901","4,837",37,31,,3,,"62,354",,,,,
북아메리카주,미국,총계,"145,465",393,"18,942",1,206,86,6,850,,370,16,234,196,299,84,179,545,"7,172",62,57,31,132,"1,486",,,,"1,139",773,"1,708","43,204","1,293","3,777",34,24,,2,,"62,164",,,,,
북아메리카주,미국,남성,"84,978",192,"9,660",1,123,77,5,284,,157,12,146,181,259,75,92,433,"2,499",54,57,30,93,900,,,,755,454,732,"18,968",895,"2,652",20,7,,1,,"45,164",,,,,
북아메리카주,미국,여성,"60,487",201,"9,282",,83,9,1,566,,213,4,88,15,40,9,87,112,"4,673",8,,1,39,586,,,,384,319,976,"24,236",398,"1,125",14,17,,1,,"17,000",,,,,
북아메리카주,캐나다,총계,"21,767",70,"1,554",,114,39,1,71,,60,1,6,11,52,9,28,155,"1,231",8,33,22,19,280,,,,106,107,176,"15,745",608,"1,060",3,7,,1,,190,,,,,
북아메리카주,캐나다,남성,"10,275",37,751,,58,35,,29,,25,,5,11,45,9,18,116,589,8,33,22,12,167,,,,75,76,76,"6,672",468,839,3,5,,,,91,,,,,
북아메리카주,캐나다,여성,"11,492",33,803,,56,4,1,42,,35,1,1,,7,,10,39,642,,,,7,113,,,,31,31,100,"9,073",140,221,,2,,1,,99,,,,,
남아메리카주,총계,총계,"5,797","1,018",263,,313,51,1,733,1,273,,44,5,20,18,68,19,8,39,7,49,117,201,,12,,169,148,222,270,67,843,99,14,1,6,,698,,,,,
남아메리카주,브라질,총계,"1,457",253,45,,96,27,,134,,59,,5,2,11,7,13,8,1,9,3,15,78,45,,,,56,34,102,114,20,216,18,,,,,86,,,,,
남아메리카주,브라질,남성,703,130,23,,40,13,,55,,22,,2,1,9,7,8,2,,8,3,15,58,32,,,,21,24,24,60,8,85,6,,,,,47,,,,,
남아메리카주,브라질,여성,754,123,22,,56,14,,79,,37,,3,1,2,,5,6,1,1,,,20,13,,,,35,10,78,54,12,131,12,,,,,39,,,,,
남아메리카주,멕시코,총계,916,217,1,,1,6,,154,,58,,16,2,3,2,9,5,2,11,1,13,6,54,,,,17,23,20,19,8,175,4,,,4,,85,,,,,
남아메리카주,멕시코,남성,419,116,1,,1,3,,50,,22,,15,2,3,1,2,4,1,7,1,13,3,44,,,,3,15,5,12,2,57,3,,,1,,32,,,,,
남아메리카주,멕시코,여성,497,101,,,,3,,104,,36,,1,,,1,7,1,1,4,,,3,10,,,,14,8,15,7,6,118,1,,,3,,53,,,,,
남아메리카주,페루,총계,705,306,2,,2,,,58,,15,,4,,2,2,6,,1,2,,1,2,15,,10,,14,10,17,,8,116,11,,,,,101,,,,,
남아메리카주,페루,남성,362,195,,,1,,,20,,5,,,,2,2,1,,,2,,1,2,8,,6,,8,3,7,,5,35,7,,,,,52,,,,,
남아메리카주,페루,여성,343,111,2,,1,,,38,,10,,4,,,,5,,1,,,,,7,,4,,6,7,10,,3,81,4,,,,,49,,,,,
남아메리카주,콜롬비아,총계,475,43,,,,1,,73,,39,,7,,,2,8,1,1,2,,2,5,18,,,,1,23,17,,7,91,11,,,,,123,,,,,
남아메리카주,콜롬비아,남성,200,21,,,,1,,29,,14,,,,,2,5,1,1,2,,2,3,10,,,,,12,3,,2,31,3,,,,,58,,,,,
남아메리카주,콜롬비아,여성,275,22,,,,,,44,,25,,7,,,,3,,,,,,2,8,,,,1,11,14,,5,60,8,,,,,65,,,,,
남아메리카주,아르헨티나,총계,429,10,123,,71,14,,15,,2,,4,,,1,,1,,,,2,7,5,,,,27,7,6,65,5,38,8,1,1,,,16,,,,,
남아메리카주,아르헨티나,남성,233,5,69,,34,10,,3,,,,2,,,1,,,,,,2,3,5,,,,16,4,2,45,2,12,8,1,,,,9,,,,,
남아메리카주,아르헨티나,여성,196,5,54,,37,4,,12,,2,,2,,,,,1,,,,,4,,,,,11,3,4,20,3,26,,,1,,,7,,,,,
남아메리카주,에콰도르,총계,274,2,17,,25,1,1,79,,18,,,,,1,8,,,1,1,5,1,7,,,,5,5,12,4,1,29,4,,,,,47,,,,,
남아메리카주,에콰도르,남성,132,1,10,,12,1,1,39,,5,,,,,,3,,,1,1,5,1,2,,,,1,1,3,3,,10,3,,,,,29,,,,,
남아메리카주,에콰도르,여성,142,1,7,,13,,,40,,13,,,,,1,5,,,,,,,5,,,,4,4,9,1,1,19,1,,,,,18,,,,,
남아메리카주,칠레,총계,239,39,9,,8,,,21,,29,,3,,1,,5,,,3,,1,2,13,,,,2,4,12,6,2,28,3,13,,,,35,,,,,
남아메리카주,칠레,남성,98,22,8,,5,,,8,,5,,2,,1,,,,,3,,1,1,9,,,,1,4,1,3,1,8,,3,,,,12,,,,,
남아메리카주,칠레,여성,141,17,1,,3,,,13,,24,,1,,,,5,,,,,,1,4,,,,1,,11,3,1,20,3,10,,,,23,,,,,
남아메리카주,베네수엘라,총계,207,40,1,,1,,,19,,4,,1,,1,2,2,,3,2,,4,6,14,,,,7,4,14,7,,24,10,,,,,41,,,,,
남아메리카주,베네수엘라,남성,93,16,1,,1,,,8,,3,,1,,1,2,,,1,1,,4,6,4,,,,2,3,5,6,,4,5,,,,,19,,,,,
남아메리카주,베네수엘라,여성,114,24,,,,,,11,,1,,,,,,2,,2,1,,,,10,,,,5,1,9,1,,20,5,,,,,22,,,,,
남아메리카주,파라과이,총계,205,,31,,69,,,30,,6,,1,,,,2,1,,,,,2,1,,,,9,,,22,3,20,,,,,,8,,,,,
남아메리카주,파라과이,남성,85,,14,,33,,,9,,2,,,,,,1,,,,,,2,1,,,,6,,,9,,4,,,,,,4,,,,,
남아메리카주,파라과이,여성,120,,17,,36,,,21,,4,,1,,,,1,1,,,,,,,,,,3,,,13,3,16,,,,,,4,,,,,
남아메리카주,과테말라,총계,115,18,8,,14,,,15,,4,,,,,,,1,,5,,,,3,,,,5,9,3,,4,10,,,,1,,15,,,,,
남아메리카주,과테말라,남성,58,15,3,,7,,,7,,3,,,,,,,1,,4,,,,3,,,,4,4,1,,1,,,,,,,5,,,,,
남아메리카주,과테말라,여성,57,3,5,,7,,,8,,1,,,,,,,,,1,,,,,,,,1,5,2,,3,10,,,,1,,10,,,,,
남아메리카주,도미니카공화국,총계,89,14,,,3,1,,24,1,7,,,,,,2,,,,,,1,5,,1,,1,3,1,,1,7,,,,,,17,,,,,
남아메리카주,도미니카공화국,남성,44,9,,,3,,,11,,4,,,,,,1,,,,,,1,2,,1,,1,1,,,,4,,,,,,6,,,,,
남아메리카주,도미니카공화국,여성,45,5,,,,1,,13,1,3,,,,,,1,,,,,,,3,,,,,2,1,,1,3,,,,,,11,,,,,
남아메리카주,코스타리카,총계,83,20,,,1,,,14,,5,,2,,,,,,,,,,4,2,,,,1,2,3,2,,13,,,,,,14,,,,,
남아메리카주,코스타리카,남성,37,11,,,1,,,6,,2,,,,,,,,,,,,2,2,,,,,1,,1,,4,,,,,,7,,,,,
남아메리카주,코스타리카,여성,46,9,,,,,,8,,3,,2,,,,,,,,,,2,,,,,1,1,3,1,,9,,,,,,7,,,,,
남아메리카주,볼리비아,총계,83,,5,,9,,,15,,6,,,,,,3,,,,,1,,2,,,,4,1,,7,1,17,3,,,1,,8,,,,,
남아메리카주,볼리비아,남성,35,,3,,4,,,7,,2,,,,,,3,,,,,1,,,,,,2,1,,3,,4,2,,,,,3,,,,,
남아메리카주,볼리비아,여성,48,,2,,5,,,8,,4,,,,,,,,,,,,,2,,,,2,,,4,1,13,1,,,1,,5,,,,,
남아메리카주,파나마,총계,81,3,2,,3,,,15,,6,,1,,,,2,,,1,,1,,4,,,,2,3,1,5,,3,,,,,,29,,,,,
남아메리카주,파나마,남성,34,1,1,,,,,6,,1,,,,,,1,,,1,,1,,1,,,,,1,1,4,,,,,,,,15,,,,,
남아메리카주,파나마,여성,47,2,1,,3,,,9,,5,,1,,,,1,,,,,,,3,,,,2,2,,1,,3,,,,,,14,,,,,
남아메리카주,온두라스,총계,70,,17,,2,,,6,,1,,,,,,2,,,,1,,,3,,1,,5,4,2,,2,9,,,,,,15,,,,,
남아메리카주,온두라스,남성,31,,12,,1,,,1,,1,,,,,,,,,,1,,,1,,1,,1,3,2,,2,1,,,,,,4,,,,,
남아메리카주,온두라스,여성,39,,5,,1,,,5,,,,,,,,2,,,,,,,2,,,,4,1,,,,8,,,,,,11,,,,,
남아메리카주,자메이카,총계,62,16,,,1,,,7,,1,,,,,,1,,,1,1,3,,3,,,,3,1,5,2,2,2,,,,,,13,,,,,
남아메리카주,자메이카,남성,33,10,,,1,,,1,,,,,,,,1,,,1,1,3,,,,,,3,,2,2,2,1,,,,,,5,,,,,
남아메리카주,자메이카,여성,29,6,,,,,,6,,1,,,,,,,,,,,,,3,,,,,1,3,,,1,,,,,,8,,,,,
남아메리카주,엘살바도르,총계,59,1,,,,1,,21,,4,,,,,1,,,,,,,,6,,,,2,3,1,,1,8,,,,,,10,,,,,
남아메리카주,엘살바도르,남성,17,,,,,1,,4,,,,,,,1,,,,,,,,4,,,,1,,,,,2,,,,,,4,,,,,
남아메리카주,엘살바도르,여성,42,1,,,,,,17,,4,,,,,,,,,,,,,2,,,,1,3,1,,1,6,,,,,,6,,,,,
남아메리카주,니카라과,총계,47,14,,,,,,3,,,,,,,,,,,,,,,,,,,2,,2,,,12,1,,,,,13,,,,,
남아메리카주,니카라과,남성,17,7,,,,,,2,,,,,,,,,,,,,,,,,,,,,1,,,,1,,,,,6,,,,,
남아메리카주,니카라과,여성,30,7,,,,,,1,,,,,,,,,,,,,,,,,,,2,,1,,,12,,,,,,7,,,,,
남아메리카주,아이티,총계,41,7,,,,,,3,,,,,,,,1,1,,,,,,,,,,,,,,,,24,,,,,5,,,,,
남아메리카주,아이티,남성,30,4,,,,,,2,,,,,,,,1,1,,,,,,,,,,,,,,,,20,,,,,2,,,,,
남아메리카주,아이티,여성,11,3,,,,,,1,,,,,,,,,,,,,,,,,,,,,,,,,4,,,,,3,,,,,
남아메리카주,우루과이,총계,38,4,2,,2,,,8,,3,,,,,,,,,,,,,,,,,1,2,,,,8,1,,,,,7,,,,,
남아메리카주,우루과이,남성,13,2,1,,1,,,2,,,,,,,,,,,,,,,,,,,,1,,,,1,,,,,,5,,,,,
남아메리카주,우루과이,여성,25,2,1,,1,,,6,,3,,,,,,,,,,,,,,,,,1,1,,,,7,1,,,,,2,,,,,
남아메리카주,쿠바,총계,33,,,,,,,4,,,,,,,,2,,,1,,,3,1,,,,3,1,3,,,13,,,,,,2,,,,,
남아메리카주,쿠바,남성,14,,,,,,,1,,,,,,,,,,,1,,,2,,,,,,,,,,8,,,,,,2,,,,,
남아메리카주,쿠바,여성,19,,,,,,,3,,,,,,,,2,,,,,,1,1,,,,3,1,3,,,5,,,,,,,,,,,
남아메리카주,트리니다드토바고,총계,24,1,,,3,,,9,,2,,,,1,,2,1,,,,,,,,,,1,,1,,,,,,,,,3,,,,,
남아메리카주,트리니다드토바고,남성,5,1,,,1,,,2,,1,,,,,,,,,,,,,,,,,,,,,,,,,,,,,,,,,
남아메리카주,트리니다드토바고,여성,19,,,,2,,,7,,1,,,,1,,2,1,,,,,,,,,,1,,1,,,,,,,,,3,,,,,
남아메리카주,도미니카연방,총계,18,3,,,,,,,,,,,1,,,,,,,,,,,,,,,5,,9,,,,,,,,,,,,,
남아메리카주,도미니카연방,남성,10,3,,,,,,,,,,,1,,,,,,,,,,,,,,,3,,3,,,,,,,,,,,,,
남아메리카주,도미니카연방,여성,8,,,,,,,,,,,,,,,,,,,,,,,,,,,2,,6,,,,,,,,,,,,,
남아메리카주,세인트크리스토퍼네비스,총계,14,1,,,,,,,,,,,,1,,,,,,,1,,,,,,,4,,3,2,1,1,,,,,,,,,,
남아메리카주,세인트크리스토퍼네비스,남성,12,1,,,,,,,,,,,,1,,,,,,,1,,,,,,,3,,2,2,1,1,,,,,,,,,,
남아메리카주,세인트크리스토퍼네비스,여성,2,,,,,,,,,,,,,,,,,,,,,,,,,,,1,,1,,,,,,,,,,,,,
남아메리카주,수리남,총계,6,4,,,,,,,,1,,,,,,,,,,,,,,,,,,,,,,1,,,,,,,,,,,
남아메리카주,수리남,남성,4,3,,,,,,,,1,,,,,,,,,,,,,,,,,,,,,,,,,,,,,,,,,
남아메리카주,수리남,여성,2,1,,,,,,,,,,,,,,,,,,,,,,,,,,,,,,1,,,,,,,,,,,
남아메리카주,벨리즈,총계,6,,,,2,,,1,,,,,,,,,,,1,,,,,,,,,,,,,1,,,,,,1,,,,,
남아메리카주,벨리즈,남성,3,,,,2,,,1,,,,,,,,,,,,,,,,,,,,,,,,,,,,,,,,,,,
남아메리카주,벨리즈,여성,3,,,,,,,,,,,,,,,,,,1,,,,,,,,,,,,,1,,,,,,1,,,,,
남아메리카주,가이아나,총계,6,,,,,,,1,,2,,,,,,,,,,,,,,,,,,,,,,,,,,,,3,,,,,
남아메리카주,가이아나,남성,2,,,,,,,1,,,,,,,,,,,,,,,,,,,,,,,,,,,,,,1,,,,,
남아메리카주,가이아나,여성,4,,,,,,,,,2,,,,,,,,,,,,,,,,,,,,,,,,,,,,2,,,,,
남아메리카주,바하마,총계,5,1,,,,,,3,,1,,,,,,,,,,,,,,,,,,,,,,,,,,,,,,,,,
남아메리카주,바하마,여성,5,1,,,,,,3,,1,,,,,,,,,,,,,,,,,,,,,,,,,,,,,,,,,
남아메리카주,바베이도스,총계,5,,,,,,,1,,,,,,,,,,,,,,,,,,,1,,,3,,,,,,,,,,,,,
남아메리카주,바베이도스,남성,4,,,,,,,1,,,,,,,,,,,,,,,,,,,1,,,2,,,,,,,,,,,,,
남아메리카주,바베이도스,여성,1,,,,,,,,,,,,,,,,,,,,,,,,,,,,,1,,,,,,,,,,,,,
남아메리카주,세인트루시아,총계,3,,,,,,,,,,,,,,,,,,,,,,,,,,,,,1,,1,,,,,,1,,,,,
남아메리카주,세인트루시아,남성,2,,,,,,,,,,,,,,,,,,,,,,,,,,,,,1,,,,,,,,1,,,,,
남아메리카주,세인트루시아,여성,1,,,,,,,,,,,,,,,,,,,,,,,,,,,,,,,1,,,,,,,,,,,
남아메리카주,앤티카바부다,총계,1,,,,,,,,,,,,,,,,,,,,,,,,,,,,,1,,,,,,,,,,,,,
남아메리카주,앤티카바부다,여성,1,,,,,,,,,,,,,,,,,,,,,,,,,,,,,1,,,,,,,,,,,,,
남아메리카주,그레나다,총계,1,1,,,,,,,,,,,,,,,,,,,,,,,,,,,,,,,,,,,,,,,,,
남아메리카주,그레나다,남성,1,1,,,,,,,,,,,,,,,,,,,,,,,,,,,,,,,,,,,,,,,,,
유럽주,총계,총계,"76,485","11,068",143,2,"1,432",788,6,"4,765",1,"1,628",17,119,156,746,718,222,394,"1,797",214,48,110,557,"1,342",,25,,"5,662",931,"2,040","27,918","2,008","4,773","3,295",289,"1,190",8,,"2,073",,,,,
유럽주,한국계러시아인,총계,"26,199",2,,,36,,,5,,,,,,,,,,,,,,,2,,,,810,30,3,"24,704",496,94,,,14,,,3,,,,,
유럽주,한국계러시아인,남성,"13,728",2,,,22,,,2,,,,,,,,,,,,,,,1,,,,386,13,1,"13,047",232,11,,,9,,,2,,,,,
유럽주,한국계러시아인,여성,"12,471",,,,14,,,3,,,,,,,,,,,,,,,1,,,,424,17,2,"11,657",264,83,,,5,,,1,,,,,
유럽주,러시아(연방),총계,"22,870","9,395",42,1,782,140,1,616,,517,2,10,43,87,67,66,43,41,56,2,22,116,150,,22,,"3,977",372,404,,673,"1,305","3,219",,,2,,697,,,,,
유럽주,러시아(연방),남성,"12,092","6,317",24,1,512,52,,118,,66,2,7,41,74,62,17,20,6,52,2,22,37,85,,8,,"1,801",129,107,,171,99,"1,912",,,1,,347,,,,,
유럽주,러시아(연방),여성,"10,778","3,078",18,,270,88,1,498,,451,,3,2,13,5,49,23,35,4,,,79,65,,14,,"2,176",243,297,,502,"1,206","1,307",,,1,,350,,,,,
유럽주,영국,총계,"5,666",637,9,,2,9,,139,,58,6,5,15,70,86,24,108,"1,427",18,16,9,42,354,,,,36,115,234,815,215,978,5,78,,1,,155,,,,,
유럽주,영국,남성,"3,503",391,7,,,9,,47,,22,3,4,14,68,86,13,89,765,18,16,9,26,232,,,,24,81,105,324,186,839,2,39,,,,84,,,,,
유럽주,영국,여성,"2,163",246,2,,2,,,92,,36,3,1,1,2,,11,19,662,,,,16,122,,,,12,34,129,491,29,139,3,39,,1,,71,,,,,
유럽주,프랑스,총계,"4,751",251,1,,52,17,2,"1,379",,381,2,10,27,170,156,22,41,39,26,4,5,70,281,,,,12,104,477,240,134,608,1,43,,,,196,,,,,
유럽주,프랑스,남성,"2,638",125,,,39,17,2,581,,136,2,6,24,152,145,6,33,15,24,4,4,35,194,,,,7,71,191,136,110,452,,15,,,,112,,,,,
유럽주,프랑스,여성,"2,113",126,1,,13,,,798,,245,,4,3,18,11,16,8,24,2,,1,35,87,,,,5,33,286,104,24,156,1,28,,,,84,,,,,
유럽주,독일,총계,"3,787",269,2,,100,186,1,750,,104,5,11,23,172,73,18,69,18,25,5,10,28,151,,,,27,54,241,748,153,303,1,23,,,,217,,,,,
유럽주,독일,남성,"2,035",140,1,,77,180,1,277,,22,2,9,20,161,73,7,58,8,22,5,10,14,98,,,,18,32,80,293,112,225,,8,,,,82,,,,,
유럽주,독일,여성,"1,752",129,1,,23,6,,473,,82,3,2,3,11,,11,11,10,3,,,14,53,,,,9,22,161,455,41,78,1,15,,,,135,,,,,
유럽주,우크라이나,총계,"3,597",1,26,,160,52,,92,,61,,2,,2,18,12,1,2,17,,,141,36,,2,,709,32,53,662,59,154,48,,"1,176",,,79,,,,,
유럽주,우크라이나,남성,"1,847",1,26,,133,11,,22,,13,,2,,1,16,3,,1,16,,,58,30,,2,,355,13,19,355,24,22,21,,668,,,35,,,,,
유럽주,우크라이나,여성,"1,750",,,,27,41,,70,,48,,,,1,2,9,1,1,1,,,83,6,,,,354,19,34,307,35,132,27,,508,,,44,,,,,
유럽주,이탈리아,총계,"1,191",65,,,15,100,1,197,,72,,18,22,39,79,5,12,1,10,,13,21,48,,,,4,27,96,56,30,174,1,8,,,,77,,,,,
유럽주,이탈리아,남성,688,39,,,13,95,1,51,,16,,12,22,35,74,2,10,1,9,,13,15,32,,,,4,15,25,18,18,128,,2,,,,38,,,,,
유럽주,이탈리아,여성,503,26,,,2,5,,146,,56,,6,,4,5,3,2,,1,,,6,16,,,,,12,71,38,12,46,1,6,,,,39,,,,,
유럽주,스페인,총계,"1,083",57,,,5,18,,309,,57,1,10,1,13,10,7,15,21,5,1,3,18,47,,,,5,18,49,138,12,171,,13,,,,79,,,,,
유럽주,스페인,남성,591,30,,,3,16,,144,,16,1,8,1,13,9,3,8,7,4,1,3,10,34,,,,4,9,17,76,7,116,,4,,,,47,,,,,
유럽주,스페인,여성,492,27,,,2,2,,165,,41,,2,,,1,4,7,14,1,,,8,13,,,,1,9,32,62,5,55,,9,,,,32,,,,,
유럽주,네덜란드,총계,677,43,1,,21,33,,83,,21,,2,2,27,8,8,9,,4,2,2,12,34,,,,7,15,45,101,16,89,1,45,,3,,43,,,,,
유럽주,네덜란드,남성,423,29,,,17,29,,38,,11,,,1,26,8,2,8,,4,2,2,10,25,,,,7,12,20,46,13,72,1,16,,1,,23,,,,,
유럽주,네덜란드,여성,254,14,1,,4,4,,45,,10,,2,1,1,,6,1,,,,,2,9,,,,,3,25,55,3,17,,29,,2,,20,,,,,
유럽주,아일랜드,총계,666,41,,,,8,,20,,8,,11,1,10,3,1,28,246,2,1,1,2,36,,,,2,11,22,17,36,138,,2,,,,19,,,,,
유럽주,아일랜드,남성,451,27,,,,6,,5,,4,,11,1,9,3,,23,137,2,1,1,1,29,,,,,10,8,11,29,122,,1,,,,10,,,,,
유럽주,아일랜드,여성,215,14,,,,2,,15,,4,,,,1,,1,5,109,,,,1,7,,,,2,1,14,6,7,16,,1,,,,9,,,,,
유럽주,스웨덴,총계,580,39,,,32,2,,84,,62,,1,4,27,3,1,5,,1,2,1,13,21,,,,4,6,54,93,12,73,,,,,,40,,,,,
유럽주,스웨덴,남성,291,16,,,23,2,,21,,19,,1,3,23,3,,5,,1,2,1,7,19,,,,4,5,23,41,8,45,,,,,,19,,,,,
유럽주,스웨덴,여성,289,23,,,9,,,63,,43,,,1,4,,1,,,,,,6,2,,,,,1,31,52,4,28,,,,,,21,,,,,
유럽주,스위스,총계,506,64,,,15,5,,111,,31,,,3,17,,2,2,,,,4,4,12,,,,6,10,24,92,15,57,,,,,,32,,,,,
유럽주,스위스,남성,269,29,,,9,5,,62,,12,,,3,14,,1,2,,,,4,3,11,,,,5,5,4,27,10,45,,,,,,18,,,,,
유럽주,스위스,여성,237,35,,,6,,,49,,19,,,,3,,1,,,,,,1,1,,,,1,5,20,65,5,12,,,,,,14,,,,,
유럽주,폴란드,총계,494,31,1,1,18,24,,94,,26,,16,1,20,15,8,5,,7,,,14,13,,,,2,12,32,1,13,98,1,3,,,,38,,,,,
유럽주,폴란드,남성,210,23,1,1,17,16,,13,,8,,10,,17,13,3,4,,3,,,5,7,,,,1,5,10,,5,29,,1,,,,18,,,,,
유럽주,폴란드,여성,284,8,,,1,8,,81,,18,,6,1,3,2,5,1,,4,,,9,6,,,,1,7,22,1,8,69,1,2,,,,20,,,,,
유럽주,벨기에,총계,484,15,1,,12,8,,92,,22,,2,3,15,11,3,13,,4,2,7,6,22,,,,4,4,41,51,14,48,,48,,,,36,,,,,
유럽주,벨기에,남성,263,4,1,,8,7,,45,,6,,,3,15,11,2,9,,3,2,7,1,14,,,,1,3,11,30,10,36,,15,,,,19,,,,,
유럽주,벨기에,여성,221,11,,,4,1,,47,,16,,2,,,,1,4,,1,,,5,8,,,,3,1,30,21,4,12,,33,,,,17,,,,,
유럽주,오스트리아,총계,334,24,,,2,25,,47,,14,,4,1,9,4,2,5,1,3,4,7,4,12,,,,,7,10,64,13,28,,4,,,,40,,,,,
유럽주,오스트리아,남성,190,14,,,1,25,,17,,1,,2,1,9,4,,5,1,3,4,7,3,9,,,,,3,2,31,9,18,,1,,,,20,,,,,
유럽주,오스트리아,여성,144,10,,,1,,,30,,13,,2,,,,2,,,,,,1,3,,,,,4,8,33,4,10,,3,,,,20,,,,,
유럽주,덴마크,총계,312,6,,,5,31,,55,,15,1,,1,16,5,,1,,1,2,1,3,11,,,,2,4,33,46,5,30,,,,,,38,,,,,
유럽주,덴마크,남성,193,3,,,4,28,,26,,7,1,,1,16,5,,1,,1,2,1,1,8,,,,2,1,11,23,5,22,,,,,,24,,,,,
유럽주,덴마크,여성,119,3,,,1,3,,29,,8,,,,,,,,,,,,2,3,,,,,3,22,23,,8,,,,,,14,,,,,
유럽주,그리스,총계,297,10,1,,49,10,,7,,8,,3,2,2,96,,5,,2,2,2,,11,,,,,1,36,6,4,22,1,,,,,17,,,,,
유럽주,그리스,남성,233,8,1,,48,8,,1,,2,,2,2,2,91,,5,,,2,2,,10,,,,,1,16,4,4,13,1,,,,,10,,,,,
유럽주,그리스,여성,64,2,,,1,2,,6,,6,,1,,,5,,,,2,,,,1,,,,,,20,2,,9,,,,,,7,,,,,
유럽주,노르웨이,총계,288,13,,,3,8,,52,,25,,,1,21,14,2,1,,1,,,2,3,,,,4,7,22,47,5,26,,,,,,31,,,,,
유럽주,노르웨이,남성,133,8,,,3,8,,8,,5,,,1,20,13,1,1,,1,,,1,2,,,,2,4,9,13,3,20,,,,,,10,,,,,
유럽주,노르웨이,여성,155,5,,,,,,44,,20,,,,1,1,1,,,,,,1,1,,,,2,3,13,34,2,6,,,,,,21,,,,,
유럽주,루마니아,총계,286,19,2,,24,7,,36,1,7,,,,3,29,4,5,,2,,,4,14,,,,6,3,16,1,17,52,,,,,,34,,,,,
유럽주,루마니아,남성,130,15,2,,23,6,,5,1,,,,,2,28,,4,,1,,,3,4,,,,2,,5,,7,9,,,,,,13,,,,,
유럽주,루마니아,여성,156,4,,,1,1,,31,,7,,,,1,1,4,1,,1,,,1,10,,,,4,3,11,1,10,43,,,,,,21,,,,,
유럽주,핀란드,총계,274,14,,,2,17,,122,,14,,,5,8,3,1,1,,1,,2,1,7,,,,,2,13,3,10,37,,,,,,11,,,,,
유럽주,핀란드,남성,129,9,,,2,17,,44,,2,,,5,8,3,,1,,1,,2,1,2,,,,,,4,,7,17,,,,,,4,,,,,
유럽주,핀란드,여성,145,5,,,,,,78,,12,,,,,,1,,,,,,,5,,,,,2,9,3,3,20,,,,,,7,,,,,
유럽주,벨로루시,총계,264,,,,9,15,,44,,12,,,,1,,4,1,1,8,,,16,6,,,,15,10,17,22,22,41,1,,,,,19,,,,,
유럽주,벨로루시,남성,87,,,,5,5,,9,,,,,,1,,1,,,8,,,2,3,,,,5,3,5,15,10,5,1,,,,,9,,,,,
유럽주,벨로루시,여성,177,,,,4,10,,35,,12,,,,,,3,1,1,,,,14,3,,,,10,7,12,7,12,36,,,,,,10,,,,,
유럽주,아제르바이잔,총계,206,,,,13,,,59,,15,,,,,,5,1,,,,,,8,,,,9,26,8,6,6,7,9,,,,,34,,,,,
유럽주,아제르바이잔,남성,127,,,,13,,,38,,7,,,,,,3,1,,,,,,7,,,,5,13,2,5,3,3,7,,,,,20,,,,,
유럽주,아제르바이잔,여성,79,,,,,,,21,,8,,,,,,2,,,,,,,1,,,,4,13,6,1,3,4,2,,,,,14,,,,,
유럽주,헝가리,총계,197,8,,,2,8,1,38,,15,,2,,,,3,4,,2,,,4,11,,,,,5,16,1,5,39,,6,,,,27,,,,,
유럽주,헝가리,남성,77,6,,,1,3,,7,,4,,1,,,,1,2,,2,,,1,8,,,,,1,7,,2,13,,4,,,,14,,,,,
유럽주,헝가리,여성,120,2,,,1,5,1,31,,11,,1,,,,2,2,,,,,3,3,,,,,4,9,1,3,26,,2,,,,13,,,,,
유럽주,체코,총계,189,15,,,1,17,,51,,12,,4,,2,4,1,1,,1,,10,1,4,,,,2,3,3,1,4,19,,12,,,,21,,,,,
유럽주,체코,남성,100,9,,,1,15,,18,,4,,3,,2,4,1,,,1,,10,1,4,,,,,1,1,,3,7,,6,,,,9,,,,,
유럽주,체코,여성,89,6,,,,2,,33,,8,,1,,,,,1,,,,,,,,,,2,2,2,1,1,12,,6,,,,12,,,,,
유럽주,포르투갈,총계,179,16,,,5,4,,30,,13,,1,,5,8,2,4,,2,,1,10,10,,,,1,7,25,,,27,2,2,,1,,3,,,,,
유럽주,포르투갈,남성,101,11,,,3,2,,11,,4,,1,,5,6,,2,,2,,1,9,9,,,,1,2,10,,,18,1,,,1,,2,,,,,
유럽주,포르투갈,여성,78,5,,,2,2,,19,,9,,,,,2,2,2,,,,,1,1,,,,,5,15,,,9,1,2,,,,1,,,,,
유럽주,불가리아,총계,153,9,1,,1,7,,43,,10,,,,1,1,3,4,,,1,5,3,7,,,,2,11,9,,9,21,,,,,,5,,,,,
유럽주,불가리아,남성,64,6,1,,1,6,,9,,5,,,,1,1,,4,,,1,5,3,5,,,,1,3,2,,2,6,,,,,,2,,,,,
유럽주,불가리아,여성,89,3,,,,1,,34,,5,,,,,,3,,,,,,,2,,,,1,8,7,,7,15,,,,,,3,,,,,
유럽주,리투아니아,총계,105,2,,,3,9,,51,,2,,2,,1,1,1,,,1,,,3,3,,,,,5,1,1,1,14,,,,1,,3,,,,,
유럽주,리투아니아,남성,43,1,,,3,1,,21,,2,,1,,1,1,,,,,,,,2,,,,,4,,1,,4,,,,,,1,,,,,
유럽주,리투아니아,여성,62,1,,,,8,,30,,,,1,,,,1,,,1,,,3,1,,,,,1,1,,1,10,,,,1,,2,,,,,
유럽주,크로아티아,총계,100,1,10,,18,4,,10,,1,,1,,,16,1,2,,,,2,2,4,,,,,5,6,,1,10,,,,,,6,,,,,
유럽주,크로아티아,남성,67,,7,,17,4,,2,,,,1,,,15,1,1,,,,2,2,3,,,,,1,1,,1,6,,,,,,3,,,,,
유럽주,크로아티아,여성,33,1,3,,1,,,8,,1,,,,,1,,1,,,,,,1,,,,,4,5,,,4,,,,,,3,,,,,
유럽주,슬로바크,총계,88,7,,,4,10,,20,,4,,2,,1,2,3,2,,,,1,2,3,,,,1,4,3,,2,7,,,,,,10,,,,,
유럽주,슬로바크,남성,40,3,,,2,8,,5,,1,,,,1,2,1,2,,,,1,1,2,,,,1,1,,,1,2,,,,,,6,,,,,
유럽주,슬로바크,여성,48,4,,,2,2,,15,,3,,2,,,,2,,,,,,1,1,,,,,3,3,,1,5,,,,,,4,,,,,
유럽주,조지아,총계,83,,,,15,,,16,,3,,,,1,1,1,,,,,,2,3,,,,2,6,4,,2,4,,,,,,23,,,,,
유럽주,조지아,남성,29,,,,10,,,2,,1,,,,1,1,,,,,,,1,,,,,1,1,1,,1,,,,,,,9,,,,,
유럽주,조지아,여성,54,,,,5,,,14,,2,,,,,,1,,,,,,1,3,,,,1,5,3,,1,4,,,,,,14,,,,,
유럽주,세르비아,총계,74,,4,,2,1,,13,,6,,,,1,1,3,2,,1,4,1,7,2,,,,1,1,10,,3,8,,,,,,3,,,,,
유럽주,세르비아,남성,39,,3,,1,1,,3,,3,,,,1,1,,1,,,4,1,7,,,,,,,3,,1,7,,,,,,2,,,,,
유럽주,세르비아,여성,35,,1,,1,,,10,,3,,,,,,3,1,,1,,,,2,,,,1,1,7,,2,1,,,,,,1,,,,,
유럽주,영국외지민,총계,72,1,3,,,,,4,,8,,,,,1,3,1,,1,,,,4,,,,1,7,1,1,4,29,,2,,,,1,,,,,
유럽주,영국외지민,남성,18,1,1,,,,,,,2,,,,,,,1,,1,,,,3,,,,,2,1,,,6,,,,,,,,,,,
유럽주,영국외지민,여성,54,,2,,,,,4,,6,,,,,1,3,,,,,,,1,,,,1,5,,1,4,23,,2,,,,1,,,,,
유럽주,아르메니아,총계,67,,,,2,,,12,,2,,,,,,,,,9,,,1,1,,,,3,4,12,,10,5,1,,,,,5,,,,,
유럽주,아르메니아,남성,27,,,,1,,,,,1,,,,,,,,,8,,,,1,,,,2,,1,,8,,1,,,,,4,,,,,
유럽주,아르메니아,여성,40,,,,1,,,12,,1,,,,,,,,,1,,,1,,,,,1,4,11,,2,5,,,,,,1,,,,,
유럽주,라트비아,총계,59,1,1,,4,2,,5,,2,,,1,1,2,1,2,,2,,,,2,,,,,,7,,2,11,1,,,,,12,,,,,
유럽주,라트비아,남성,21,1,1,,3,2,,,,,,,1,,2,,,,1,,,,,,,,,,1,,,3,,,,,,6,,,,,
유럽주,라트비아,여성,38,,,,1,,,5,,2,,,,1,,1,2,,1,,,,2,,,,,,6,,2,8,1,,,,,6,,,,,
유럽주,슬로베니아,총계,56,,8,,,5,,16,,3,,,,4,,,,,1,,1,2,1,,,,,,,,1,12,,,,,,2,,,,,
유럽주,슬로베니아,남성,32,,6,,,5,,5,,,,,,4,,,,,1,,1,2,1,,,,,,,,1,6,,,,,,,,,,,
유럽주,슬로베니아,여성,24,,2,,,,,11,,3,,,,,,,,,,,,,,,,,,,,,,6,,,,,,2,,,,,
유럽주,몰도바,총계,55,,1,,3,3,,16,,4,,,,,,2,,,,,,,,,1,,8,,2,,2,11,2,,,,,,,,,,
유럽주,몰도바,남성,18,,1,,3,3,,,,1,,,,,,1,,,,,,,,,1,,3,,2,,2,1,,,,,,,,,,,
유럽주,몰도바,여성,37,,,,,,,16,,3,,,,,,1,,,,,,,,,,,5,,,,,10,2,,,,,,,,,,
유럽주,알바니아,총계,52,,24,,3,,,6,,1,,,,,,,,,,,,,2,,,,,1,3,,1,10,,,,,,1,,,,,
유럽주,알바니아,남성,37,,21,,3,,,3,,,,,,,,,,,,,,,1,,,,,,2,,1,6,,,,,,,,,,,
유럽주,알바니아,여성,15,,3,,,,,3,,1,,,,,,,,,,,,,1,,,,,1,1,,,4,,,,,,1,,,,,
유럽주,에스토니아,총계,48,2,,,1,3,,18,,4,,,,,,2,,,,,,,2,,,,,2,1,,,4,,,,,,9,,,,,
유럽주,에스토니아,남성,17,1,,,,3,,2,,,,,,,,1,,,,,,,1,,,,,,,,,1,,,,,,8,,,,,
유럽주,에스토니아,여성,31,1,,,1,,,16,,4,,,,,,1,,,,,,,1,,,,,2,1,,,3,,,,,,1,,,,,
유럽주,룩셈부르크,총계,26,2,,,3,,,7,,6,,,,,,,1,,,,,1,1,,,,,,3,1,,1,,,,,,,,,,,
유럽주,룩셈부르크,남성,6,1,,,1,,,,,,,,,,,,1,,,,,,,,,,,,1,1,,1,,,,,,,,,,,
유럽주,룩셈부르크,여성,20,1,,,2,,,7,,6,,,,,,,,,,,,1,1,,,,,,2,,,,,,,,,,,,,,
유럽주,몰타,총계,19,8,2,,,,,3,,,,2,,,,1,,,,,,,1,,,,,,2,,,,,,,,,,,,,,
유럽주,몰타,남성,14,8,2,,,,,1,,,,1,,,,,,,,,,,1,,,,,,1,,,,,,,,,,,,,,
유럽주,몰타,여성,5,,,,,,,2,,,,1,,,,1,,,,,,,,,,,,,1,,,,,,,,,,,,,,
유럽주,몬테네그로,총계,14,,1,,6,,,2,,1,,,,,1,,,,,,,2,,,,,,,1,,,,,,,,,,,,,,
유럽주,몬테네그로,남성,10,,1,,6,,,,,,,,,,1,,,,,,,2,,,,,,,,,,,,,,,,,,,,,
유럽주,몬테네그로,여성,4,,,,,,,2,,1,,,,,,,,,,,,,,,,,,,1,,,,,,,,,,,,,,
유럽주,아이슬란드,총계,10,,,,,,,5,,,,,,,,,,,,,,,1,,,,,,,,1,2,,,,,,1,,,,,
유럽주,아이슬란드,남성,6,,,,,,,2,,,,,,,,,,,,,,,1,,,,,,,,1,2,,,,,,,,,,,
유럽주,아이슬란드,여성,4,,,,,,,3,,,,,,,,,,,,,,,,,,,,,,,,,,,,,,1,,,,,
유럽주,마케도니아,총계,8,,,,,,,,,,,,,,,,,,1,,,,1,,,,,,,,,4,,,,,,2,,,,,
유럽주,마케도니아,남성,5,,,,,,,,,,,,,,,,,,1,,,,1,,,,,,,,,2,,,,,,1,,,,,
유럽주,마케도니아,여성,3,,,,,,,,,,,,,,,,,,,,,,,,,,,,,,,2,,,,,,1,,,,,
유럽주,보스니아-헤르체고비나,총계,6,,,,,,,3,,1,,,,,,,,,,,,,,,,,,,,,,1,1,,,,,,,,,,
유럽주,보스니아-헤르체고비나,남성,2,,,,,,,1,,,,,,,,,,,,,,,,,,,,,,,,,1,,,,,,,,,,
유럽주,보스니아-헤르체고비나,여성,4,,,,,,,2,,1,,,,,,,,,,,,,,,,,,,,,,1,,,,,,,,,,,
유럽주,코소보,총계,5,,,,2,,,1,,,,,,,,,,,,,,,,,,,,,1,,,1,,,,,,,,,,,
유럽주,코소보,남성,3,,,,2,,,,,,,,,,,,,,,,,,,,,,,,,,,1,,,,,,,,,,,
유럽주,코소보,여성,2,,,,,,,1,,,,,,,,,,,,,,,,,,,,,1,,,,,,,,,,,,,,
유럽주,교황청,총계,2,,,,,,,,,,,,,,,,,,,,,,,,,,,,,,,,,,,,,2,,,,,
유럽주,교황청,남성,2,,,,,,,,,,,,,,,,,,,,,,,,,,,,,,,,,,,,,2,,,,,
유럽주,유고슬라비아,총계,1,,,,,,,,,,,,,,,,,,,,,,,,,,,,,,,,,,,,,1,,,,,
유럽주,유고슬라비아,여성,1,,,,,,,,,,,,,,,,,,,,,,,,,,,,,,,,,,,,,1,,,,,
유럽주,안도라,총계,1,,,,,,,1,,,,,,,,,,,,,,,,,,,,,,,,,,,,,,,,,,,
유럽주,안도라,여성,1,,,,,,,1,,,,,,,,,,,,,,,,,,,,,,,,,,,,,,,,,,,
유럽주,스발바르,총계,1,,,,,,,,,,,,,,,,,,,,,,,,,,,,,,,,,,,,,1,,,,,
유럽주,스발바르,남성,1,,,,,,,,,,,,,,,,,,,,,,,,,,,,,,,,,,,,,1,,,,,
유럽주,세르비아몬테네그로,총계,1,,1,,,,,,,,,,,,,,,,,,,,,,,,,,,,,,,,,,,,,,,,
유럽주,세르비아몬테네그로,남성,1,,1,,,,,,,,,,,,,,,,,,,,,,,,,,,,,,,,,,,,,,,,
유럽주,산마리노,총계,1,,1,,,,,,,,,,,,,,,,,,,,,,,,,,,,,,,,,,,,,,,,
유럽주,산마리노,남성,1,,1,,,,,,,,,,,,,,,,,,,,,,,,,,,,,,,,,,,,,,,,
유럽주,리히텐슈타인,총계,1,,,,,,,1,,,,,,,,,,,,,,,,,,,,,,,,,,,,,,,,,,,
유럽주,리히텐슈타인,여성,1,,,,,,,1,,,,,,,,,,,,,,,,,,,,,,,,,,,,,,,,,,,
오세아니아주,총계,총계,"11,348",557,"1,529",,96,12,,49,,54,5,9,16,66,28,7,62,435,15,15,22,36,189,,1,,54,90,217,"6,591",279,585,1,9,,3,,316,,,,,
오세아니아주,오스트레일리아,총계,"7,610",91,"1,479",,64,7,,28,,33,4,6,12,49,23,5,30,274,13,13,14,33,148,,,,37,58,170,"4,255",168,387,1,6,,3,,199,,,,,
오세아니아주,오스트레일리아,남성,"3,625",43,721,,30,7,,16,,18,4,4,11,37,23,2,22,118,13,13,13,23,100,,,,22,43,54,"1,766",124,287,1,3,,1,,106,,,,,
오세아니아주,오스트레일리아,여성,"3,985",48,758,,34,,,12,,15,,2,1,12,,3,8,156,,,1,10,48,,,,15,15,116,"2,489",44,100,,3,,2,,93,,,,,
오세아니아주,뉴질랜드,총계,"3,547",466,5,,21,5,,9,,6,1,3,4,16,5,2,31,161,2,2,8,1,40,,,,12,27,45,"2,304",111,190,,3,,,,67,,,,,
오세아니아주,뉴질랜드,남성,"1,973",223,2,,12,5,,7,,4,1,2,3,14,5,,21,81,2,2,8,1,19,,,,5,17,23,"1,219",93,164,,1,,,,39,,,,,
오세아니아주,뉴질랜드,여성,"1,574",243,3,,9,,,2,,2,,1,1,2,,2,10,80,,,,,21,,,,7,10,22,"1,085",18,26,,2,,,,28,,,,,
오세아니아주,피지,총계,84,,6,,5,,,8,,8,,,,,,,1,,,,,2,1,,,,3,1,,25,,5,,,,,,19,,,,,
오세아니아주,피지,남성,49,,4,,4,,,4,,4,,,,,,,,,,,,2,1,,,,1,,,15,,2,,,,,,12,,,,,
오세아니아주,피지,여성,35,,2,,1,,,4,,4,,,,,,,1,,,,,,,,,,2,1,,10,,3,,,,,,7,,,,,
오세아니아주,키리바시,총계,23,,15,,,,,,,7,,,,,,,,,,,,,,,,,,,,,,,,,,,,1,,,,,
오세아니아주,키리바시,남성,23,,15,,,,,,,7,,,,,,,,,,,,,,,,,,,,,,,,,,,,1,,,,,
오세아니아주,미이크로네시아,총계,15,,3,,2,,,,,,,,,,,,,,,,,,,,,,,,,,,,,,,,,10,,,,,
오세아니아주,미이크로네시아,남성,4,,,,,,,,,,,,,,,,,,,,,,,,,,,,,,,,,,,,,4,,,,,
오세아니아주,미이크로네시아,여성,11,,3,,2,,,,,,,,,,,,,,,,,,,,,,,,,,,,,,,,,6,,,,,
오세아니아주,파푸아뉴기니,총계,13,,2,,3,,,1,,,,,,,,,,,,,,,,,,,,,1,,,,,,,,,6,,,,,
오세아니아주,파푸아뉴기니,남성,8,,2,,2,,,,,,,,,,,,,,,,,,,,,,,,,,,,,,,,,4,,,,,
오세아니아주,파푸아뉴기니,여성,5,,,,1,,,1,,,,,,,,,,,,,,,,,,,,,1,,,,,,,,,2,,,,,
오세아니아주,마샬군도,총계,13,,7,,1,,,,,,,,,,,,,,,,,,,,,,,,,,,,,,,,,5,,,,,
오세아니아주,마샬군도,남성,9,,6,,1,,,,,,,,,,,,,,,,,,,,,,,,,,,,,,,,,2,,,,,
오세아니아주,마샬군도,여성,4,,1,,,,,,,,,,,,,,,,,,,,,,,,,,,,,,,,,,,3,,,,,
오세아니아주,바누아투,총계,10,,,,,,,1,,,,,,,,,,,,,,,,,,,1,4,,3,,,,,,,,1,,,,,
오세아니아주,바누아투,남성,9,,,,,,,1,,,,,,,,,,,,,,,,,,,,4,,3,,,,,,,,1,,,,,
오세아니아주,바누아투,여성,1,,,,,,,,,,,,,,,,,,,,,,,,,,1,,,,,,,,,,,,,,,,
오세아니아주,팔라우,총계,9,,,,,,,,,,,,,,,,,,,,,,,,,,1,,,,,2,,,,,,6,,,,,
오세아니아주,팔라우,남성,3,,,,,,,,,,,,,,,,,,,,,,,,,,,,,,,2,,,,,,1,,,,,
오세아니아주,팔라우,여성,6,,,,,,,,,,,,,,,,,,,,,,,,,,1,,,,,,,,,,,5,,,,,
오세아니아주,솔로몬군도,총계,7,,1,,,,,1,,,,,,,,,,,,,,,,,,,,,,3,,1,,,,,,1,,,,,
오세아니아주,솔로몬군도,남성,2,,,,,,,,,,,,,,,,,,,,,,,,,,,,,2,,,,,,,,,,,,,
오세아니아주,솔로몬군도,여성,5,,1,,,,,1,,,,,,,,,,,,,,,,,,,,,,1,,1,,,,,,1,,,,,
오세아니아주,통가,총계,6,,3,,,,,,,,,,,,,,,,,,,,,,,,,,1,1,,,,,,,,1,,,,,
오세아니아주,통가,남성,4,,2,,,,,,,,,,,,,,,,,,,,,,,,,,1,1,,,,,,,,,,,,,
오세아니아주,통가,여성,2,,1,,,,,,,,,,,,,,,,,,,,,,,,,,,,,,,,,,,1,,,,,
오세아니아주,사모아,총계,5,,5,,,,,,,,,,,,,,,,,,,,,,,,,,,,,,,,,,,,,,,,
오세아니아주,사모아,남성,4,,4,,,,,,,,,,,,,,,,,,,,,,,,,,,,,,,,,,,,,,,,
오세아니아주,사모아,여성,1,,1,,,,,,,,,,,,,,,,,,,,,,,,,,,,,,,,,,,,,,,,
오세아니아주,나우루,총계,5,,3,,,,,,,,,,,1,,,,,,,,,,,1,,,,,,,,,,,,,,,,,,
오세아니아주,나우루,남성,4,,2,,,,,,,,,,,1,,,,,,,,,,,1,,,,,,,,,,,,,,,,,,
오세아니아주,나우루,여성,1,,1,,,,,,,,,,,,,,,,,,,,,,,,,,,,,,,,,,,,,,,,
오세아니아주,투발루,총계,1,,,,,,,1,,,,,,,,,,,,,,,,,,,,,,,,,,,,,,,,,,,
오세아니아주,투발루,남성,1,,,,,,,1,,,,,,,,,,,,,,,,,,,,,,,,,,,,,,,,,,,
아프리카주,총계,총계,"19,123",173,428,,"1,155",6,,"2,256",,403,,45,5,284,213,415,91,"1,618",151,3,5,48,233,,72,,224,540,"1,285",19,127,938,"6,162",,,,1,"2,223",,,,,
아프리카주,이집트,총계,"2,841",3,248,,67,3,,101,,30,,1,,45,37,4,14,1,27,,,2,23,,1,,19,56,193,,11,103,"1,733",,,,,119,,,,,
아프리카주,이집트,남성,"2,455",2,238,,65,3,,50,,8,,1,,42,37,2,10,,25,,,1,19,,1,,10,35,84,,9,85,"1,626",,,,,102,,,,,
아프리카주,이집트,여성,386,1,10,,2,,,51,,22,,,,3,,2,4,1,2,,,1,4,,,,9,21,109,,2,18,107,,,,,17,,,,,
아프리카주,나이지리아,총계,"2,725",,6,,293,,,261,,30,,8,1,97,120,55,5,,13,,,4,11,,28,,17,18,364,,26,144,786,,,,,438,,,,,
아프리카주,나이지리아,남성,"2,235",,6,,276,,,207,,20,,7,1,85,112,39,5,,12,,,4,9,,26,,9,12,149,,26,143,725,,,,,362,,,,,
아프리카주,나이지리아,여성,490,,,,17,,,54,,10,,1,,12,8,16,,,1,,,,2,,2,,8,6,215,,,1,61,,,,,76,,,,,
아프리카주,남아프리카공화국,총계,"2,441",,73,,13,,,15,,5,,3,1,7,3,15,40,"1,616",,2,2,10,52,,1,,6,26,126,11,24,151,166,,,,,73,,,,,
아프리카주,남아프리카공화국,남성,"1,141",,57,,11,,,5,,1,,3,1,6,3,8,24,583,,2,2,7,26,,1,,3,17,55,7,22,117,140,,,,,40,,,,,
아프리카주,남아프리카공화국,여성,"1,300",,16,,2,,,10,,4,,,,1,,7,16,"1,033",,,,3,26,,,,3,9,71,4,2,34,26,,,,,33,,,,,
아프리카주,가나,총계,"1,402",,3,,266,1,,219,,29,,4,,15,14,84,7,,22,,,3,18,,34,,47,9,60,,3,22,376,,,,,166,,,,,
아프리카주,가나,남성,"1,193",,2,,256,1,,186,,20,,4,,13,13,72,7,,19,,,3,15,,33,,36,4,24,,1,21,340,,,,,123,,,,,
아프리카주,가나,여성,209,,1,,10,,,33,,9,,,,2,1,12,,,3,,,,3,,1,,11,5,36,,2,1,36,,,,,43,,,,,
아프리카주,모로코,총계,"1,400",102,,,,,,120,,77,,,,3,3,7,3,1,4,,,6,19,,1,,19,16,19,,17,309,611,,,,,63,,,,,
아프리카주,모로코,남성,765,75,,,,,,27,,14,,,,1,3,3,1,,2,,,2,9,,1,,5,4,4,,13,89,479,,,,,33,,,,,
아프리카주,모로코,여성,635,27,,,,,,93,,63,,,,2,,4,2,1,2,,,4,10,,,,14,12,15,,4,220,132,,,,,30,,,,,
아프리카주,에티오피아,총계,"1,028",,3,,20,,,272,,24,,3,2,2,,12,6,,36,,,,17,,,,28,154,70,,13,22,172,,,,,172,,,,,
아프리카주,에티오피아,남성,675,,3,,16,,,222,,16,,3,2,2,,7,6,,33,,,,15,,,,9,93,19,,11,6,112,,,,,100,,,,,
아프리카주,에티오피아,여성,353,,,,4,,,50,,8,,,,,,5,,,3,,,,2,,,,19,61,51,,2,16,60,,,,,72,,,,,
아프리카주,카메룬,총계,895,,8,,20,,,221,,18,,,,1,,86,2,,7,,,,7,,,,11,30,89,,2,14,189,,,,,190,,,,,
아프리카주,카메룬,남성,595,,7,,14,,,154,,13,,,,1,,66,1,,6,,,,7,,,,4,18,26,,2,10,134,,,,,132,,,,,
아프리카주,카메룬,여성,300,,1,,6,,,67,,5,,,,,,20,1,,1,,,,,,,,7,12,63,,,4,55,,,,,58,,,,,
아프리카주,리비아,총계,717,,,,242,,,11,,2,,1,,94,13,3,,,1,,,2,,,,,2,13,170,,2,3,65,,,,,93,,,,,
아프리카주,리비아,남성,555,,,,234,,,6,,2,,1,,93,12,3,,,,,,1,,,,,,8,76,,2,3,64,,,,,50,,,,,
아프리카주,리비아,여성,162,,,,8,,,5,,,,,,1,1,,,,1,,,1,,,,,2,5,94,,,,1,,,,,43,,,,,
아프리카주,라이베리아,총계,538,27,3,,6,,,21,,1,,1,,,,8,,,,,,,1,,,,,6,5,,1,4,337,,,,,117,,,,,
아프리카주,라이베리아,남성,399,22,3,,4,,,15,,1,,1,,,,7,,,,,,,1,,,,,4,3,,1,3,252,,,,,82,,,,,
아프리카주,라이베리아,여성,139,5,,,2,,,6,,,,,,,,1,,,,,,,,,,,,2,2,,,1,85,,,,,35,,,,,
아프리카주,우간다,총계,519,,1,,28,1,,125,,31,,,,1,,29,2,,7,,,1,5,,,,4,21,14,1,,18,160,,,,,70,,,,,
아프리카주,우간다,남성,338,,1,,11,1,,78,,21,,,,1,,18,1,,5,,,1,4,,,,2,12,5,1,,17,120,,,,,39,,,,,
아프리카주,우간다,여성,181,,,,17,,,47,,10,,,,,,11,1,,2,,,,1,,,,2,9,9,,,1,40,,,,,31,,,,,
아프리카주,알제리,총계,474,,12,,29,,,33,,10,,,,1,,3,,,7,,,,6,,1,,1,6,4,,7,32,291,,,,,31,,,,,
아프리카주,알제리,남성,375,,12,,22,,,12,,2,,,,1,,,,,6,,,,6,,1,,,3,,,4,6,278,,,,,22,,,,,
아프리카주,알제리,여성,99,,,,7,,,21,,8,,,,,,3,,,1,,,,,,,,1,3,4,,3,26,13,,,,,9,,,,,
아프리카주,케냐,총계,405,,1,,8,,,127,,24,,2,,2,1,24,1,,2,,,3,10,,,,8,12,37,3,1,10,52,,,,,77,,,,,
아프리카주,케냐,남성,244,,1,,6,,,83,,12,,2,,2,,18,1,,2,,,1,7,,,,2,7,25,3,1,6,33,,,,,32,,,,,
아프리카주,케냐,여성,161,,,,2,,,44,,12,,,,,1,6,,,,,,2,3,,,,6,5,12,,,4,19,,,,,45,,,,,
아프리카주,세네갈,총계,341,,1,,11,,,17,,6,,,,,,3,1,,,,,2,4,,,,3,1,2,,,7,227,,,,,56,,,,,
아프리카주,세네갈,남성,295,,1,,10,,,8,,4,,,,,,1,1,,,,,1,3,,,,2,1,2,,,7,213,,,,,41,,,,,
아프리카주,세네갈,여성,46,,,,1,,,9,,2,,,,,,2,,,,,,1,1,,,,1,,,,,,14,,,,,15,,,,,
아프리카주,튀니지,총계,330,39,1,,11,1,,34,,11,,,,1,3,2,2,,7,1,,1,3,,,,1,5,10,,4,33,134,,,,,26,,,,,
아프리카주,튀니지,남성,218,32,,,7,1,,14,,3,,,,,3,1,1,,3,1,,,2,,,,,1,3,,3,13,113,,,,,17,,,,,
아프리카주,튀니지,여성,112,7,1,,4,,,20,,8,,,,1,,1,1,,4,,,1,1,,,,1,4,7,,1,20,21,,,,,9,,,,,
아프리카주,수단,총계,303,,1,,33,,,40,,5,,,,10,2,1,1,,2,,,,13,,,,3,31,26,,2,2,74,,,,,57,,,,,
아프리카주,수단,남성,225,,1,,32,,,21,,4,,,,10,1,,1,,2,,,,12,,,,2,22,9,,2,2,71,,,,,33,,,,,
아프리카주,수단,여성,78,,,,1,,,19,,1,,,,,1,1,,,,,,,1,,,,1,9,17,,,,3,,,,,24,,,,,
아프리카주,기니,총계,276,,3,,5,,,14,,4,,1,,,,7,,,,,,,,,,,5,4,4,,,3,171,,,,,55,,,,,
아프리카주,기니,남성,223,,3,,5,,,11,,3,,1,,,,4,,,,,,,,,,,2,3,3,,,3,149,,,,,36,,,,,
아프리카주,기니,여성,53,,,,,,,3,,1,,,,,,3,,,,,,,,,,,3,1,1,,,,22,,,,,19,,,,,
아프리카주,탄자니아,총계,256,,1,,12,,,116,,15,,3,,,,9,,,2,,,,6,,,,6,5,4,,1,10,57,,,,,9,,,,,
아프리카주,탄자니아,남성,185,,1,,9,,,81,,10,,2,,,,6,,,2,,,,3,,,,3,4,3,,,9,46,,,,,6,,,,,
아프리카주,탄자니아,여성,71,,,,3,,,35,,5,,1,,,,3,,,,,,,3,,,,3,1,1,,1,1,11,,,,,3,,,,,
아프리카주,르완다,총계,253,,,,3,,,145,,9,,,,,,13,1,,4,,,3,3,,,,7,7,12,,1,,27,,,,,18,,,,,
아프리카주,르완다,남성,162,,,,2,,,92,,7,,,,,,9,1,,4,,,3,3,,,,3,4,4,,,,18,,,,,12,,,,,
아프리카주,르완다,여성,91,,,,1,,,53,,2,,,,,,4,,,,,,,,,,,4,3,8,,1,,9,,,,,6,,,,,
아프리카주,콩고민주공화국,총계,244,,,,4,,,51,,11,,2,,,,9,1,,4,,,,7,,1,,8,38,16,,2,3,52,,,,1,34,,,,,
아프리카주,콩고민주공화국,남성,162,,,,2,,,40,,9,,2,,,,7,1,,3,,,,5,,1,,3,22,5,,2,3,35,,,,1,21,,,,,
아프리카주,콩고민주공화국,여성,82,,,,2,,,11,,2,,,,,,2,,,1,,,,2,,,,5,16,11,,,,17,,,,,13,,,,,
아프리카주,말리,총계,219,,3,,7,,,32,,8,,,,3,,2,,,,,,1,,,,,,7,4,,,8,109,,,,,35,,,,,
아프리카주,말리,남성,202,,3,,6,,,28,,8,,,,3,,2,,,,,,1,,,,,,5,1,,,8,104,,,,,33,,,,,
아프리카주,말리,여성,17,,,,1,,,4,,,,,,,,,,,,,,,,,,,,2,3,,,,5,,,,,2,,,,,
아프리카주,코트디부아르,총계,208,,3,,22,,,24,,4,,,,,,3,,,,,,3,2,,1,,4,9,,,,5,60,,,,,68,,,,,
아프리카주,코트디부아르,남성,142,,3,,20,,,18,,4,,,,,,3,,,,,,,2,,,,2,3,,,,4,43,,,,,40,,,,,
아프리카주,코트디부아르,여성,66,,,,2,,,6,,,,,,,,,,,,,,3,,,1,,2,6,,,,1,17,,,,,28,,,,,
아프리카주,앙골라,총계,148,,3,,3,,,10,,7,,,,1,,6,,,,,,,2,,,,3,2,3,,,4,54,,,,,50,,,,,
아프리카주,앙골라,남성,107,,3,,3,,,6,,5,,,,1,,4,,,,,,,2,,,,3,2,2,,,3,47,,,,,26,,,,,
아프리카주,앙골라,여성,41,,,,,,,4,,2,,,,,,2,,,,,,,,,,,,,1,,,1,7,,,,,24,,,,,
아프리카주,감비아,총계,141,,2,,2,,,12,,1,,,,,1,2,,,,,,1,,,,,,1,1,,,1,93,,,,,24,,,,,
아프리카주,감비아,남성,133,,2,,2,,,11,,1,,,,,1,1,,,,,,1,,,,,,1,,,,1,91,,,,,21,,,,,
아프리카주,감비아,여성,8,,,,,,,1,,,,,,,,1,,,,,,,,,,,,,1,,,,2,,,,,3,,,,,
아프리카주,부룬디,총계,129,,,,,,,44,,4,,,,,,9,1,,1,,,,3,,,,1,30,8,,,1,26,,,,,1,,,,,
아프리카주,부룬디,남성,81,,,,,,,30,,3,,,,,,8,1,,1,,,,2,,,,,13,4,,,,19,,,,,,,,,,
아프리카주,부룬디,여성,48,,,,,,,14,,1,,,,,,1,,,,,,,1,,,,1,17,4,,,1,7,,,,,1,,,,,
아프리카주,짐바브웨,총계,111,,10,,11,,,19,,2,,1,,,1,8,1,,4,,,2,5,,1,,1,1,15,1,1,1,10,,,,,16,,,,,
아프리카주,짐바브웨,남성,62,,10,,9,,,11,,,,,,,1,4,1,,3,,,2,4,,1,,,,4,1,1,,3,,,,,7,,,,,
아프리카주,짐바브웨,여성,49,,,,2,,,8,,2,,1,,,,4,,,1,,,,1,,,,1,1,11,,,1,7,,,,,9,,,,,
아프리카주,잠비아,총계,97,,2,,2,,,25,,4,,8,,,,2,1,,,,,,1,,,,7,1,4,,1,1,,,,,,38,,,,,
아프리카주,잠비아,남성,49,,1,,2,,,17,,1,,6,,,,2,1,,,,,,1,,,,1,,,,1,,,,,,,16,,,,,
아프리카주,잠비아,여성,48,,1,,,,,8,,3,,2,,,,,,,,,,,,,,,6,1,4,,,1,,,,,,22,,,,,
아프리카주,시에라리온,총계,87,,3,,3,,,8,,,,,,,,,1,,,,,,1,,,,7,,6,,,2,24,,,,,32,,,,,
아프리카주,시에라리온,남성,60,,3,,3,,,6,,,,,,,,,1,,,,,,1,,,,3,,2,,,2,17,,,,,22,,,,,
아프리카주,시에라리온,여성,27,,,,,,,2,,,,,,,,,,,,,,,,,,,4,,4,,,,7,,,,,10,,,,,
아프리카주,가봉,총계,82,,1,,3,,,28,,10,,,,,,1,,,,,,,2,,,,,5,,1,4,,4,,,,,23,,,,,
아프리카주,가봉,남성,45,,,,,,,18,,4,,,,,,,,,,,,,2,,,,,4,,1,2,,3,,,,,11,,,,,
아프리카주,가봉,여성,37,,1,,3,,,10,,6,,,,,,1,,,,,,,,,,,,1,,,2,,1,,,,,12,,,,,
아프리카주,모잠비크,총계,62,,1,,3,,,10,,6,,1,1,,14,,,,,,,,1,,,,1,,6,,,5,12,,,,,1,,,,,
아프리카주,모잠비크,남성,44,,1,,2,,,6,,3,,1,1,,12,,,,,,,,,,,,,,2,,,4,11,,,,,1,,,,,
아프리카주,모잠비크,여성,18,,,,1,,,4,,3,,,,,2,,,,,,,,1,,,,1,,4,,,1,1,,,,,,,,,,
아프리카주,부르키나파소,총계,53,,1,,3,,,7,,3,,1,,,,1,,,,,,1,,,1,,,1,1,,,3,17,,,,,13,,,,,
아프리카주,부르키나파소,남성,43,,1,,3,,,3,,3,,1,,,,,,,,,,1,,,1,,,1,1,,,3,14,,,,,11,,,,,
아프리카주,부르키나파소,여성,10,,,,,,,4,,,,,,,,1,,,,,,,,,,,,,,,,,3,,,,,2,,,,,
아프리카주,토고,총계,49,,3,,2,,,8,,,,,,,,1,,,,,,,,,,,,2,1,,1,1,23,,,,,7,,,,,
아프리카주,토고,남성,37,,1,,2,,,7,,,,,,,,1,,,,,,,,,,,,2,1,,1,1,20,,,,,1,,,,,
아프리카주,토고,여성,12,,2,,,,,1,,,,,,,,,,,,,,,,,,,,,,,,,3,,,,,6,,,,,
아프리카주,콩고,총계,31,,1,,5,,,1,,1,,,,,1,,,,,,,,,,,,2,2,,,,1,14,,,,,3,,,,,
아프리카주,콩고,남성,25,,1,,5,,,,,1,,,,,1,,,,,,,,,,,,1,1,,,,1,13,,,,,1,,,,,
아프리카주,콩고,여성,6,,,,,,,1,,,,,,,,,,,,,,,,,,,1,1,,,,,1,,,,,2,,,,,
아프리카주,말라위,총계,31,,2,,,,,15,,1,,1,,,,,,,,,,,,,2,,1,1,,,,,,,,,,8,,,,,
아프리카주,말라위,남성,17,,2,,,,,8,,,,1,,,,,,,,,,,,,2,,,,,,,,,,,,,4,,,,,
아프리카주,말라위,여성,14,,,,,,,7,,1,,,,,,,,,,,,,,,,,1,1,,,,,,,,,,4,,,,,
아프리카주,마다가스카르,총계,31,,1,,2,,,9,,3,,2,,,,,,,,,,,,,,,1,2,4,,,5,,,,,,2,,,,,
아프리카주,마다가스카르,남성,7,,,,1,,,1,,1,,2,,,,,,,,,,,,,,,,,2,,,,,,,,,,,,,,
아프리카주,마다가스카르,여성,24,,1,,1,,,8,,2,,,,,,,,,,,,,,,,,1,2,2,,,5,,,,,,2,,,,,
아프리카주,베냉,총계,26,1,5,,,,,8,,,,,,,,,1,,1,,,,,,,,,,1,,1,1,2,,,,,5,,,,,
아프리카주,베냉,남성,23,1,4,,,,,8,,,,,,,,,1,,1,,,,,,,,,,1,,1,1,2,,,,,3,,,,,
아프리카주,베냉,여성,3,,1,,,,,,,,,,,,,,,,,,,,,,,,,,,,,,,,,,,2,,,,,
아프리카주,남수단공화국,총계,26,,,,,,,12,,,,,,,,,,,,,2,2,,,,,,1,1,,,,5,,,,,3,,,,,
아프리카주,남수단공화국,남성,23,,,,,,,11,,,,,,,,,,,,,2,2,,,,,,1,,,,,5,,,,,2,,,,,
아프리카주,남수단공화국,여성,3,,,,,,,1,,,,,,,,,,,,,,,,,,,,,1,,,,,,,,,1,,,,,
아프리카주,모리셔스,총계,23,,8,,,,,4,,1,,,,1,,,,,,,,,2,,,,,,2,,1,,,,,,,4,,,,,
아프리카주,모리셔스,남성,11,,4,,,,,1,,,,,,1,,,,,,,,,1,,,,,,1,,,,,,,,,3,,,,,
아프리카주,모리셔스,여성,12,,4,,,,,3,,1,,,,,,,,,,,,,1,,,,,,1,,1,,,,,,,1,,,,,
아프리카주,기니비사우,총계,23,,1,,2,,,1,,,,,,,,1,,,,,,,,,,,1,,,,,1,15,,,,,1,,,,,
아프리카주,기니비사우,남성,19,,,,2,,,,,,,,,,,1,,,,,,,,,,,,,,,,1,15,,,,,,,,,,
아프리카주,기니비사우,여성,4,,1,,,,,1,,,,,,,,,,,,,,,,,,,1,,,,,,,,,,,1,,,,,
아프리카주,소말리아,총계,21,1,2,,,,,7,,2,,,,,,1,,,,,,,3,,,,,2,,,,,3,,,,,,,,,,
아프리카주,소말리아,남성,17,1,2,,,,,4,,2,,,,,,,,,,,,,3,,,,,2,,,,,3,,,,,,,,,,
아프리카주,소말리아,여성,4,,,,,,,3,,,,,,,,1,,,,,,,,,,,,,,,,,,,,,,,,,,,
아프리카주,보츠와나,총계,20,,,,1,,,6,,2,,,,,,1,,,,,,,1,,,,,3,,,1,1,,,,,,4,,,,,
아프리카주,보츠와나,남성,9,,,,1,,,2,,1,,,,,,,,,,,,,,,,,,2,,,1,,,,,,,2,,,,,
아프리카주,보츠와나,여성,11,,,,,,,4,,1,,,,,,1,,,,,,,1,,,,,1,,,,1,,,,,,2,,,,,
아프리카주,에스와티니,총계,19,,4,,,,,4,,,,1,,,,,,,,,,,1,,,,,,2,2,,,3,,,,,2,,,,,
아프리카주,에스와티니,남성,13,,4,,,,,2,,,,1,,,,,,,,,,,,,,,,,,1,,,3,,,,,2,,,,,
아프리카주,에스와티니,여성,6,,,,,,,2,,,,,,,,,,,,,,,1,,,,,,2,1,,,,,,,,,,,,,
아프리카주,에리트레아,총계,14,,1,,1,,,,,,,,,,,,,,,,,,,,,,,9,,,,1,1,,,,,1,,,,,
아프리카주,에리트레아,남성,9,,1,,1,,,,,,,,,,,,,,,,,,,,,,,5,,,,,1,,,,,1,,,,,
아프리카주,에리트레아,여성,5,,,,,,,,,,,,,,,,,,,,,,,,,,,4,,,,1,,,,,,,,,,,
아프리카주,차드,총계,12,,,,,,,6,,,,,,,,,,,,,,,,,,,,1,,,,3,1,,,,,1,,,,,
아프리카주,차드,남성,11,,,,,,,5,,,,,,,,,,,,,,,,,,,,1,,,,3,1,,,,,1,,,,,
아프리카주,차드,여성,1,,,,,,,1,,,,,,,,,,,,,,,,,,,,,,,,,,,,,,,,,,,
아프리카주,적도기니,총계,12,,,,3,,,3,,2,,,,,,,,,,,,,,,,,,,,,,,2,,,,,2,,,,,
아프리카주,적도기니,남성,9,,,,2,,,3,,1,,,,,,,,,,,,,,,,,,,,,,,2,,,,,1,,,,,
아프리카주,적도기니,여성,3,,,,1,,,,,1,,,,,,,,,,,,,,,,,,,,,,,,,,,,1,,,,,
아프리카주,모리타니,총계,12,,,,1,,,3,,,,,,,,1,,,,,,,2,,,,,,,,,,1,,,,,4,,,,,
아프리카주,모리타니,남성,10,,,,1,,,2,,,,,,,,1,,,,,,,2,,,,,,,,,,1,,,,,3,,,,,
아프리카주,모리타니,여성,2,,,,,,,1,,,,,,,,,,,,,,,,,,,,,,,,,,,,,,1,,,,,
아프리카주,중앙아프리카공화국,총계,10,,1,,1,,,2,,,,1,,,,1,,,,,,,1,,,,,1,,,,,,,,,,2,,,,,
아프리카주,중앙아프리카공화국,남성,8,,,,1,,,2,,,,1,,,,1,,,,,,,1,,,,,1,,,,,,,,,,1,,,,,
아프리카주,중앙아프리카공화국,여성,2,,1,,,,,,,,,,,,,,,,,,,,,,,,,,,,,,,,,,,1,,,,,
아프리카주,니제르,총계,10,,1,,2,,,1,,,,,,,,,,,,,,,,,,,,1,,,,2,1,,,,,2,,,,,
아프리카주,니제르,남성,9,,1,,2,,,1,,,,,,,,,,,,,,,,,,,,1,,,,1,1,,,,,2,,,,,
아프리카주,니제르,여성,1,,,,,,,,,,,,,,,,,,,,,,,,,,,,,,,1,,,,,,,,,,,
아프리카주,자이르,총계,7,,3,,2,,,,,,,,,,,,,,,,,,,,,,,,,,,,,,,,,2,,,,,
아프리카주,자이르,남성,5,,3,,2,,,,,,,,,,,,,,,,,,,,,,,,,,,,,,,,,,,,,,
아프리카주,자이르,여성,2,,,,,,,,,,,,,,,,,,,,,,,,,,,,,,,,,,,,,2,,,,,
아프리카주,지부티,총계,5,,1,,,,,1,,,,,,,,,,,,,,,1,,,,,,,,,,,,,,,2,,,,,
아프리카주,지부티,남성,3,,1,,,,,,,,,,,,,,,,,,,,,,,,,,,,,,,,,,,2,,,,,
아프리카주,지부티,여성,2,,,,,,,1,,,,,,,,,,,,,,,1,,,,,,,,,,,,,,,,,,,,
아프리카주,레소토,총계,5,,,,1,,,3,,,,,,,,1,,,,,,,,,,,,,,,,,,,,,,,,,,,
아프리카주,레소토,남성,3,,,,1,,,1,,,,,,,,1,,,,,,,,,,,,,,,,,,,,,,,,,,,
아프리카주,레소토,여성,2,,,,,,,2,,,,,,,,,,,,,,,,,,,,,,,,,,,,,,,,,,,
아프리카주,세이셸,총계,4,,,,1,,,,,,,,,,,,,,,,,,,,,,,,1,,,,2,,,,,,,,,,
아프리카주,세이셸,남성,2,,,,,,,,,,,,,,,,,,,,,,,,,,,,,,,,2,,,,,,,,,,
아프리카주,세이셸,여성,2,,,,1,,,,,,,,,,,,,,,,,,,,,,,,1,,,,,,,,,,,,,,
아프리카주,나미비아,총계,3,,,,1,,,,,,,,,,,,,,,,1,1,,,,,,,,,,,,,,,,,,,,,
아프리카주,나미비아,남성,1,,,,,,,,,,,,,,,,,,,,1,,,,,,,,,,,,,,,,,,,,,,
아프리카주,나미비아,여성,2,,,,1,,,,,,,,,,,,,,,,,1,,,,,,,,,,,,,,,,,,,,,
아프리카주,상투메프린시페,총계,2,,,,,,,,,,,,,,,,,,,,,,,,,,,,,,,,,,,,,2,,,,,
아프리카주,상투메프린시페,남성,2,,,,,,,,,,,,,,,,,,,,,,,,,,,,,,,,,,,,,2,,,,,
아프리카주,코모로,총계,1,,,,,,,,,,,,,,,,,,,,,,,,,,,,,,,1,,,,,,,,,,,
아프리카주,코모로,남성,1,,,,,,,,,,,,,,,,,,,,,,,,,,,,,,,1,,,,,,,,,,,
아프리카주,카보베르데,총계,1,,,,,,,,,,,,,,,,,,,,,,,,,,,,,,,,,,,,,1,,,,,
아프리카주,카보베르데,남성,1,,,,,,,,,,,,,,,,,,,,,,,,,,,,,,,,,,,,,1,,,,,
기타,총계,총계,256,,14,,25,,,14,,,,1,,,,1,,,,,,,,,,,79,18,,22,5,17,6,,,,,54,,,,,
